DATE,SP500_PCH
2011-04-05,-0.01801
2011-04-06,0.21837
2011-04-07,-0.15200
2011-04-08,-0.40045
2011-04-11,-0.27933
2011-04-12,-0.77768
2011-04-13,0.01902
2011-04-14,0.00837
2011-04-15,0.39254
2011-04-18,-1.10178
2011-04-19,0.57312
2011-04-20,1.35150
2011-04-21,0.52768
2011-04-22,.
2011-04-25,.
2011-04-26,0.89796
2011-04-27,0.62498
2011-04-28,0.35555
2011-04-29,0.23007
2011-05-02,-0.17527
2011-05-03,-0.33793
2011-05-04,-0.68553
2011-05-05,-0.90699
2011-05-06,0.38199
2011-05-09,0.45441
2011-05-10,0.80740
2011-05-11,-1.11114
2011-05-12,0.48954
2011-05-13,-0.80673
2011-05-16,-0.62044
2011-05-17,-0.03686
2011-05-18,0.88037
2011-05-19,0.21780
2011-05-20,-0.76883
2011-05-23,-1.19256
2011-05-24,-0.08274
2011-05-25,0.31832
2011-05-26,0.39531
2011-05-27,0.40809
2011-05-30,.
2011-05-31,.
2011-06-01,-2.27847
2011-06-02,-0.12248
2011-06-03,-0.97339
2011-06-06,-1.07602
2011-06-07,-0.09563
2011-06-08,-0.41870
2011-06-09,0.73775
2011-06-10,-1.39798
2011-06-13,0.06688
2011-06-14,1.26117
2011-06-15,-1.74319
2011-06-16,0.17544
2011-06-17,0.30450
2011-06-20,0.53952
2011-06-21,1.34234
2011-06-22,-0.64684
2011-06-23,-0.28280
2011-06-24,-1.17257
2011-06-27,0.91844
2011-06-28,1.29443
2011-06-29,0.82828
2011-06-30,1.01192
2011-07-01,1.44097
2011-07-04,.
2011-07-05,.
2011-07-06,0.10016
2011-07-07,1.04538
2011-07-08,-0.69612
2011-07-11,-1.80905
2011-07-12,-0.44335
2011-07-13,0.31059
2011-07-14,-0.67161
2011-07-15,0.55544
2011-07-18,-0.81298
2011-07-19,1.63087
2011-07-20,-0.06708
2011-07-21,1.35461
2011-07-22,0.09079
2011-07-25,-0.56430
2011-07-26,-0.41049
2011-07-27,-2.03087
2011-07-28,-0.32340
2011-07-29,-0.64505
2011-08-01,-0.41322
2011-08-02,-2.55567
2011-08-03,0.50157
2011-08-04,-4.78204
2011-08-05,-0.05750
2011-08-08,-6.66344
2011-08-09,4.74068
2011-08-10,-4.41524
2011-08-11,4.62900
2011-08-12,0.52616
2011-08-15,2.17847
2011-08-16,-0.97386
2011-08-17,0.09474
2011-08-18,-4.45937
2011-08-19,-1.50090
2011-08-22,0.02581
2011-08-23,3.42848
2011-08-24,1.31200
2011-08-25,-1.55656
2011-08-26,1.51216
2011-08-29,2.82801
2011-08-30,0.23470
2011-08-31,0.49220
2011-09-01,-1.18715
2011-09-02,-2.52819
2011-09-05,.
2011-09-06,.
2011-09-07,2.86465
2011-09-08,-1.06122
2011-09-09,-2.67055
2011-09-12,0.69657
2011-09-13,0.91201
2011-09-14,1.34798
2011-09-15,1.71871
2011-09-16,0.57067
2011-09-19,-0.98026
2011-09-20,-0.16610
2011-09-21,-2.93905
2011-09-22,-3.18832
2011-09-23,0.60820
2011-09-26,2.33362
2011-09-27,1.06883
2011-09-28,-2.06912
2011-09-29,0.81143
2011-09-30,-2.49741
2011-10-03,-2.84510
2011-10-04,2.24885
2011-10-05,1.78656
2011-10-06,1.83037
2011-10-07,-0.81633
2011-10-10,3.41249
2011-10-11,0.05440
2011-10-12,0.97947
2011-10-13,-0.29737
2011-10-14,1.73803
2011-10-17,-1.93699
2011-10-18,2.04187
2011-10-19,-1.26491
2011-10-20,0.45542
2011-10-21,1.88088
2011-10-24,1.28730
2011-10-25,-2.00448
2011-10-26,1.05366
2011-10-27,3.42915
2011-10-28,0.03892
2011-10-31,-2.47376
2011-11-01,-2.79422
2011-11-02,1.61047
2011-11-03,1.87818
2011-11-04,-0.62800
2011-11-07,0.62957
2011-11-08,1.17356
2011-11-09,-3.66951
2011-11-10,0.86161
2011-11-11,1.94887
2011-11-14,-0.95502
2011-11-15,0.48171
2011-11-16,-1.66162
2011-11-17,-1.67999
2011-11-18,-0.03947
2011-11-21,-1.86485
2011-11-22,-0.41409
2011-11-23,-2.20952
2011-11-24,.
2011-11-25,.
2011-11-28,2.92404
2011-11-29,0.22137
2011-11-30,4.33153
2011-12-01,-0.19086
2011-12-02,-0.02410
2011-12-05,1.02871
2011-12-06,0.11057
2011-12-07,0.20183
2011-12-08,-2.11418
2011-12-09,1.68834
2011-12-12,-1.49141
2011-12-13,-0.86860
2011-12-14,-1.13483
2011-12-15,0.32431
2011-12-16,0.32161
2011-12-19,-1.17328
2011-12-20,2.98254
2011-12-21,0.19496
2011-12-22,0.82655
2011-12-23,0.90351
2011-12-26,.
2011-12-27,.
2011-12-28,-1.24780
2011-12-29,1.07071
2011-12-30,-0.42913
2012-01-02,.
2012-01-03,.
2012-01-04,0.01879
2012-01-05,0.29437
2012-01-06,-0.25370
2012-01-09,0.22617
2012-01-10,0.88858
2012-01-11,0.03096
2012-01-12,0.23366
2012-01-13,-0.49479
2012-01-16,.
2012-01-17,.
2012-01-18,1.11079
2012-01-19,0.49387
2012-01-20,0.06695
2012-01-23,0.04713
2012-01-24,-0.10258
2012-01-25,0.86715
2012-01-26,-0.57464
2012-01-27,-0.15928
2012-01-30,-0.25222
2012-01-31,-0.04570
2012-02-01,0.88997
2012-02-02,0.10951
2012-02-03,1.46054
2012-02-06,-0.04238
2012-02-07,0.20233
2012-02-08,0.21603
2012-02-09,0.14741
2012-02-10,-0.68863
2012-02-13,0.68000
2012-02-14,-0.09395
2012-02-15,-0.53832
2012-02-16,1.10257
2012-02-17,0.23490
2012-02-20,.
2012-02-21,.
2012-02-22,-0.33402
2012-02-23,0.42721
2012-02-24,0.16722
2012-02-27,0.13546
2012-02-28,0.33563
2012-02-29,-0.47370
2012-03-01,0.61581
2012-03-02,-0.32458
2012-03-05,-0.38697
2012-03-06,-1.53702
2012-03-07,0.69006
2012-03-08,0.98179
2012-03-09,0.36313
2012-03-12,0.01605
2012-03-13,1.81316
2012-03-14,-0.11963
2012-03-15,0.59672
2012-03-16,0.11193
2012-03-19,0.39739
2012-03-20,-0.30005
2012-03-21,-0.18712
2012-03-22,-0.72066
2012-03-23,0.31089
2012-03-26,1.38858
2012-03-27,-0.28168
2012-03-28,-0.49415
2012-03-29,-0.16079
2012-03-30,0.36985
2012-04-02,0.75046
2012-04-03,-0.39886
2012-04-04,-1.02025
2012-04-05,-0.06290
2012-04-06,.
2012-04-09,.
2012-04-10,-1.70815
2012-04-11,0.74489
2012-04-12,1.37794
2012-04-13,-1.24750
2012-04-16,-0.05036
2012-04-17,1.54866
2012-04-18,-0.40553
2012-04-19,-0.59344
2012-04-20,0.11693
2012-04-23,-0.84075
2012-04-24,0.36798
2012-04-25,1.36446
2012-04-26,0.66801
2012-04-27,0.24143
2012-04-30,-0.38835
2012-05-01,0.56584
2012-05-02,-0.24968
2012-05-03,-0.76588
2012-05-04,-1.61472
2012-05-07,0.03506
2012-05-08,-0.42787
2012-05-09,-0.67023
2012-05-10,0.25174
2012-05-11,-0.33874
2012-05-14,-1.11128
2012-05-15,-0.57459
2012-05-16,-0.44038
2012-05-17,-1.50513
2012-05-18,-0.73878
2012-05-21,1.60359
2012-05-22,0.04863
2012-05-23,0.16937
2012-05-24,0.13800
2012-05-25,-0.21656
2012-05-28,.
2012-05-29,.
2012-05-30,-1.43348
2012-05-31,-0.22767
2012-06-01,-2.46426
2012-06-04,0.01095
2012-06-05,0.57269
2012-06-06,2.30494
2012-06-07,-0.01065
2012-06-08,0.81141
2012-06-11,-1.26201
2012-06-12,1.16507
2012-06-13,-0.70232
2012-06-14,1.08147
2012-06-15,1.03378
2012-06-18,0.14447
2012-06-19,0.98157
2012-06-20,-0.16863
2012-06-21,-2.22617
2012-06-22,0.71746
2012-06-25,-1.59548
2012-06-26,0.47727
2012-06-27,0.89849
2012-06-28,-0.21098
2012-06-29,2.49202
2012-07-02,0.24593
2012-07-03,0.62321
2012-07-04,.
2012-07-05,.
2012-07-06,-0.94327
2012-07-09,-0.16388
2012-07-10,-0.81259
2012-07-11,-0.00149
2012-07-12,-0.49871
2012-07-13,1.64973
2012-07-16,-0.23143
2012-07-17,0.74097
2012-07-18,0.66805
2012-07-19,0.27171
2012-07-20,-1.00617
2012-07-23,-0.89090
2012-07-24,-0.90410
2012-07-25,-0.03138
2012-07-26,1.65410
2012-07-27,1.90806
2012-07-30,-0.04834
2012-07-31,-0.43168
2012-08-01,-0.30305
2012-08-02,-0.73738
2012-08-03,1.90403
2012-08-06,0.23293
2012-08-07,0.51068
2012-08-08,0.06208
2012-08-09,0.04136
2012-08-10,0.21885
2012-08-13,-0.12519
2012-08-14,-0.01282
2012-08-15,0.11397
2012-08-16,0.71005
2012-08-17,0.18721
2012-08-20,-0.00212
2012-08-21,-0.34976
2012-08-22,0.02264
2012-08-23,-0.80722
2012-08-24,0.64547
2012-08-27,-0.04890
2012-08-28,-0.08083
2012-08-29,0.08444
2012-08-30,-0.78058
2012-08-31,0.50733
2012-09-03,.
2012-09-04,.
2012-09-05,-0.10677
2012-09-06,2.04355
2012-09-07,0.40499
2012-09-10,-0.61478
2012-09-11,0.31349
2012-09-12,0.20927
2012-09-13,1.63098
2012-09-14,0.39589
2012-09-17,-0.31246
2012-09-18,-0.12798
2012-09-19,0.11855
2012-09-20,-0.05407
2012-09-21,-0.00753
2012-09-24,-0.22326
2012-09-25,-1.05018
2012-09-26,-0.57367
2012-09-27,0.96489
2012-09-28,-0.44778
2012-10-01,0.26515
2012-10-02,0.08723
2012-10-03,0.36244
2012-10-04,0.71744
2012-10-05,-0.03216
2012-10-08,-0.34567
2012-10-09,-0.98909
2012-10-10,-0.61881
2012-10-11,0.01955
2012-10-12,-0.29661
2012-10-15,0.80779
2012-10-16,1.02699
2012-10-17,0.41171
2012-10-18,-0.24437
2012-10-19,-1.65713
2012-10-22,0.04396
2012-10-23,-1.44439
2012-10-24,-0.30854
2012-10-25,0.29956
2012-10-26,-0.07290
2012-10-29,.
2012-10-30,.
2012-10-31,.
2012-11-01,1.09265
2012-11-02,-0.93794
2012-11-05,0.21638
2012-11-06,0.78532
2012-11-07,-2.37050
2012-11-08,-1.22048
2012-11-09,0.16987
2012-11-12,0.01304
2012-11-13,-0.39854
2012-11-14,-1.38520
2012-11-15,-0.15935
2012-11-16,0.48399
2012-11-19,1.98620
2012-11-20,0.06634
2012-11-21,0.23202
2012-11-22,.
2012-11-23,.
2012-11-26,-0.20296
2012-11-27,-0.52265
2012-11-28,0.78559
2012-11-29,0.42697
2012-11-30,0.01624
2012-12-03,-0.47452
2012-12-04,-0.17099
2012-12-05,0.15849
2012-12-06,0.33067
2012-12-07,0.29209
2012-12-10,0.03385
2012-12-11,0.65489
2012-12-12,0.04482
2012-12-13,-0.63214
2012-12-14,-0.41354
2012-12-17,1.18706
2012-12-18,1.14866
2012-12-19,-0.75892
2012-12-20,0.54882
2012-12-21,-0.93787
2012-12-24,-0.24403
2012-12-25,.
2012-12-26,.
2012-12-27,-0.12185
2012-12-28,-1.10500
2012-12-31,1.69420
2013-01-01,.
2013-01-02,.
2013-01-03,-0.20856
2013-01-04,0.48651
2013-01-07,-0.31231
2013-01-08,-0.32424
2013-01-09,0.26559
2013-01-10,0.75974
2013-01-11,-0.00476
2013-01-14,-0.09307
2013-01-15,0.11287
2013-01-16,0.01970
2013-01-17,0.56430
2013-01-18,0.34032
2013-01-21,.
2013-01-22,.
2013-01-23,0.15075
2013-01-24,0.00067
2013-01-25,0.54455
2013-01-28,-0.18497
2013-01-29,0.51061
2013-01-30,-0.38996
2013-01-31,-0.25633
2013-02-01,1.00527
2013-02-04,-1.15387
2013-02-05,1.04165
2013-02-06,0.05492
2013-02-07,-0.18054
2013-02-08,0.56579
2013-02-11,-0.06061
2013-02-12,0.15952
2013-02-13,0.05923
2013-02-14,0.06906
2013-02-15,-0.10451
2013-02-18,.
2013-02-19,.
2013-02-20,-1.24041
2013-02-21,-0.63031
2013-02-22,0.87725
2013-02-25,-1.83096
2013-02-26,0.61095
2013-02-27,1.27260
2013-02-28,-0.08641
2013-03-01,0.23239
2013-03-04,0.46107
2013-03-05,0.95660
2013-03-06,0.10846
2013-03-07,0.18165
2013-03-08,0.44811
2013-03-11,0.32491
2013-03-12,-0.24033
2013-03-13,0.13140
2013-03-14,0.56030
2013-03-15,-0.16184
2013-03-18,-0.55103
2013-03-19,-0.24225
2013-03-20,0.66975
2013-03-21,-0.82825
2013-03-22,0.71743
2013-03-25,-0.33400
2013-03-26,0.77851
2013-03-27,-0.05883
2013-03-28,0.40567
2013-03-29,.
2013-04-01,.
2013-04-02,0.51723
2013-04-03,-1.05461
2013-04-04,0.40484
2013-04-05,-0.42949
2013-04-08,0.63028
2013-04-09,0.35443
2013-04-10,1.21891
2013-04-11,0.35522
2013-04-12,-0.28368
2013-04-15,-2.29663
2013-04-16,1.43072
2013-04-17,-1.43277
2013-04-18,-0.67010
2013-04-19,0.88479
2013-04-22,0.46616
2013-04-23,1.04192
2013-04-24,0.00063
2013-04-25,0.40347
2013-04-26,-0.18421
2013-04-29,0.71860
2013-04-30,0.24849
2013-05-01,-0.93079
2013-05-02,0.94080
2013-05-03,1.05346
2013-05-06,0.19078
2013-05-07,0.52303
2013-05-08,0.41391
2013-05-09,-0.36872
2013-05-10,0.43217
2013-05-13,0.00428
2013-05-14,1.01422
2013-05-15,0.51141
2013-05-16,-0.50097
2013-05-17,1.03001
2013-05-20,-0.07077
2013-05-21,0.17224
2013-05-22,-0.82736
2013-05-23,-0.29239
2013-05-24,-0.05513
2013-05-27,.
2013-05-28,.
2013-05-29,-0.70479
2013-05-30,0.36703
2013-05-31,-1.43072
2013-06-03,0.59360
2013-06-04,-0.55108
2013-06-05,-1.37797
2013-06-06,0.84903
2013-06-07,1.28316
2013-06-10,-0.03468
2013-06-11,-1.01533
2013-06-12,-0.83696
2013-06-13,1.47843
2013-06-14,-0.58850
2013-06-17,0.75673
2013-06-18,0.77911
2013-06-19,-1.38515
2013-06-20,-2.50103
2013-06-21,0.26697
2013-06-24,-1.21450
2013-06-25,0.94972
2013-06-26,0.95905
2013-06-27,0.61999
2013-06-28,-0.42896
2013-07-01,0.54038
2013-07-02,-0.05449
2013-07-03,0.08240
2013-07-04,.
2013-07-05,.
2013-07-08,0.52516
2013-07-09,0.72297
2013-07-10,0.01816
2013-07-11,1.35542
2013-07-12,0.30865
2013-07-15,0.13748
2013-07-16,-0.37088
2013-07-17,0.27740
2013-07-18,0.50330
2013-07-19,0.16101
2013-07-22,0.20330
2013-07-23,-0.18519
2013-07-24,-0.38112
2013-07-25,0.25564
2013-07-26,0.08283
2013-07-29,-0.37360
2013-07-30,0.03738
2013-07-31,-0.01364
2013-08-01,1.25406
2013-08-02,0.16404
2013-08-05,-0.14798
2013-08-06,-0.57230
2013-08-07,-0.38059
2013-08-08,0.38855
2013-08-09,-0.35700
2013-08-12,-0.11529
2013-08-13,0.27760
2013-08-14,-0.51766
2013-08-15,-1.42816
2013-08-16,-0.33046
2013-08-19,-0.59004
2013-08-20,0.38212
2013-08-21,-0.57796
2013-08-22,0.86194
2013-08-23,0.39470
2013-08-26,-0.40397
2013-08-27,-1.58742
2013-08-28,0.27477
2013-08-29,0.19634
2013-08-30,-0.31743
2013-09-02,.
2013-09-03,.
2013-09-04,0.81170
2013-09-05,0.12099
2013-09-06,0.00544
2013-09-09,0.99929
2013-09-10,0.73458
2013-09-11,0.30523
2013-09-12,-0.33804
2013-09-13,0.27147
2013-09-16,0.56932
2013-09-17,0.42177
2013-09-18,1.21777
2013-09-19,-0.18429
2013-09-20,-0.72169
2013-09-23,-0.47195
2013-09-24,-0.25972
2013-09-25,-0.27395
2013-09-26,0.34854
2013-09-27,-0.40738
2013-09-30,-0.60293
2013-10-01,0.79986
2013-10-02,-0.06667
2013-10-03,-0.89794
2013-10-04,0.70532
2013-10-07,-0.85064
2013-10-08,-1.23321
2013-10-09,0.05739
2013-10-10,2.18305
2013-10-11,0.62863
2013-10-14,0.40747
2013-10-15,-0.70637
2013-10-16,1.38275
2013-10-17,0.67440
2013-10-18,0.65488
2013-10-21,0.00917
2013-10-22,0.57375
2013-10-23,-0.47245
2013-10-24,0.32582
2013-10-25,0.43948
2013-10-28,0.13297
2013-10-29,0.55842
2013-10-30,-0.48760
2013-10-31,-0.38394
2013-11-01,0.29034
2013-11-04,0.35705
2013-11-05,-0.28055
2013-11-06,0.42655
2013-11-07,-1.31828
2013-11-08,1.34276
2013-11-11,0.07229
2013-11-12,-0.23704
2013-11-13,0.80953
2013-11-14,0.48373
2013-11-15,0.42220
2013-11-18,-0.36982
2013-11-19,-0.20429
2013-11-20,-0.36356
2013-11-21,0.81286
2013-11-22,0.49614
2013-11-25,-0.12633
2013-11-26,0.01498
2013-11-27,0.24851
2013-11-28,.
2013-11-29,.
2013-12-02,-0.27190
2013-12-03,-0.31928
2013-12-04,-0.13035
2013-12-05,-0.43396
2013-12-06,1.12379
2013-12-09,0.18171
2013-12-10,-0.31797
2013-12-11,-1.13169
2013-12-12,-0.37706
2013-12-13,-0.01014
2013-12-16,0.63200
2013-12-17,-0.31010
2013-12-18,1.66480
2013-12-19,-0.05799
2013-12-20,0.48187
2013-12-23,0.53181
2013-12-24,0.29158
2013-12-25,.
2013-12-26,.
2013-12-27,-0.03366
2013-12-30,-0.01792
2013-12-31,0.39597
2014-01-01,.
2014-01-02,.
2014-01-03,-0.03330
2014-01-06,-0.25118
2014-01-07,0.60818
2014-01-08,-0.02122
2014-01-09,0.03483
2014-01-10,0.23067
2014-01-13,-1.25762
2014-01-14,1.08179
2014-01-15,0.51662
2014-01-16,-0.13471
2014-01-17,-0.38951
2014-01-20,.
2014-01-21,.
2014-01-22,0.05749
2014-01-23,-0.88896
2014-01-24,-2.08755
2014-01-27,-0.48763
2014-01-28,0.61407
2014-01-29,-1.02092
2014-01-30,1.12670
2014-01-31,-0.64653
2014-02-03,-2.28319
2014-02-04,0.76411
2014-02-05,-0.20283
2014-02-06,1.24398
2014-02-07,1.33019
2014-02-10,0.15693
2014-02-11,1.10621
2014-02-12,-0.02693
2014-02-13,0.58101
2014-02-14,0.48092
2014-02-17,.
2014-02-18,.
2014-02-19,-0.65245
2014-02-20,0.60314
2014-02-21,-0.19187
2014-02-24,0.61865
2014-02-25,-0.13477
2014-02-26,0.00217
2014-02-27,0.49481
2014-02-28,0.27827
2014-03-03,-0.73785
2014-03-04,1.52677
2014-03-05,-0.00534
2014-03-06,0.17184
2014-03-07,0.05381
2014-03-10,-0.04632
2014-03-11,-0.50821
2014-03-12,0.03052
2014-03-13,-1.17011
2014-03-14,-0.28218
2014-03-17,0.96137
2014-03-18,0.72196
2014-03-19,-0.61317
2014-03-20,0.60405
2014-03-21,-0.29327
2014-03-24,-0.48647
2014-03-25,0.44039
2014-03-26,-0.70004
2014-03-27,-0.19001
2014-03-28,0.46402
2014-03-31,0.79241
2014-04-01,0.70393
2014-04-02,0.28533
2014-04-03,-0.11264
2014-04-04,-1.25373
2014-04-07,-1.07502
2014-04-08,0.37506
2014-04-09,1.09182
2014-04-10,-2.08847
2014-04-11,-0.94868
2014-04-14,0.82173
2014-04-15,0.67573
2014-04-16,1.04884
2014-04-17,0.13639
2014-04-18,.
2014-04-21,.
2014-04-22,0.40921
2014-04-23,-0.22133
2014-04-24,0.17170
2014-04-25,-0.80964
2014-04-28,0.32360
2014-04-29,0.47608
2014-04-30,0.29920
2014-05-01,-0.01433
2014-05-02,-0.13484
2014-05-05,0.18712
2014-05-06,-0.89884
2014-05-07,0.56165
2014-05-08,-0.13736
2014-05-09,0.15195
2014-05-12,0.96727
2014-05-13,0.04218
2014-05-14,-0.47010
2014-05-15,-0.93618
2014-05-16,0.37470
2014-05-19,0.38448
2014-05-20,-0.64984
2014-05-21,0.81161
2014-05-22,0.23623
2014-05-23,0.42484
2014-05-26,.
2014-05-27,.
2014-05-28,-0.11141
2014-05-29,0.53671
2014-05-30,0.18437
2014-06-02,0.07278
2014-06-03,-0.03792
2014-06-04,0.18917
2014-06-05,0.65253
2014-06-06,0.46278
2014-06-09,0.09387
2014-06-10,-0.02460
2014-06-11,-0.35370
2014-06-12,-0.70889
2014-06-13,0.31345
2014-06-16,0.08367
2014-06-17,0.21726
2014-06-18,0.77189
2014-06-19,0.12775
2014-06-20,0.17301
2014-06-23,-0.01325
2014-06-24,-0.64353
2014-06-25,0.48975
2014-06-26,-0.11789
2014-06-27,0.19109
2014-06-30,-0.03723
2014-07-01,0.66778
2014-07-02,0.06588
2014-07-03,0.54795
2014-07-04,.
2014-07-07,.
2014-07-08,-0.70488
2014-07-09,0.46443
2014-07-10,-0.41311
2014-07-11,0.14710
2014-07-14,0.48435
2014-07-15,-0.19321
2014-07-16,0.42011
2014-07-17,-1.18341
2014-07-18,1.02649
2014-07-21,-0.23203
2014-07-22,0.50161
2014-07-23,0.17544
2014-07-24,0.04882
2014-07-25,-0.48491
2014-07-28,0.02881
2014-07-29,-0.45277
2014-07-30,0.00609
2014-07-31,-1.99993
2014-08-01,-0.28591
2014-08-04,0.71891
2014-08-05,-0.96855
2014-08-06,0.00156
2014-08-07,-0.55566
2014-08-08,1.15314
2014-08-11,0.27594
2014-08-12,-0.16366
2014-08-13,0.67072
2014-08-14,0.43458
2014-08-15,-0.00614
2014-08-18,0.85317
2014-08-19,0.50007
2014-08-20,0.24778
2014-08-21,0.29499
2014-08-22,-0.19926
2014-08-25,0.47878
2014-08-26,0.10511
2014-08-27,0.00500
2014-08-28,-0.16899
2014-08-29,0.33204
2014-09-01,.
2014-09-02,.
2014-09-03,-0.07791
2014-09-04,-0.15344
2014-09-05,0.50359
2014-09-08,-0.30732
2014-09-09,-0.65450
2014-09-10,0.36461
2014-09-11,0.08819
2014-09-12,-0.59626
2014-09-15,-0.07101
2014-09-16,0.74844
2014-09-17,0.12957
2014-09-18,0.48912
2014-09-19,-0.04773
2014-09-22,-0.80133
2014-09-23,-0.57765
2014-09-24,0.78325
2014-09-25,-1.61687
2014-09-26,0.85758
2014-09-29,-0.25468
2014-09-30,-0.27859
2014-10-01,-1.32486
2014-10-02,0.00051
2014-10-03,1.11655
2014-10-06,-0.15651
2014-10-07,-1.51261
2014-10-08,1.74616
2014-10-09,-2.06614
2014-10-10,-1.14510
2014-10-13,-1.64679
2014-10-14,0.15789
2014-10-15,-0.81003
2014-10-16,0.01450
2014-10-17,1.28841
2014-10-20,0.91427
2014-10-21,1.95745
2014-10-22,-0.72993
2014-10-23,1.23034
2014-10-24,0.70534
2014-10-27,-0.15016
2014-10-28,1.19391
2014-10-29,-0.13854
2014-10-30,0.62301
2014-10-31,1.17314
2014-11-03,-0.01189
2014-11-04,-0.28298
2014-11-05,0.57005
2014-11-06,0.37755
2014-11-07,0.03495
2014-11-10,0.31202
2014-11-11,0.06967
2014-11-12,-0.07011
2014-11-13,0.05299
2014-11-14,0.02403
2014-11-17,0.07354
2014-11-18,0.51339
2014-11-19,-0.15011
2014-11-20,0.19671
2014-11-21,0.52369
2014-11-24,0.28641
2014-11-25,-0.11501
2014-11-26,0.28060
2014-11-27,.
2014-11-28,.
2014-12-01,-0.68293
2014-12-02,0.63844
2014-12-03,0.37647
2014-12-04,-0.11618
2014-12-05,0.16651
2014-12-08,-0.72565
2014-12-09,-0.02378
2014-12-10,-1.63509
2014-12-11,0.45357
2014-12-12,-1.62136
2014-12-15,-0.63426
2014-12-16,-0.84890
2014-12-17,2.03524
2014-12-18,2.40152
2014-12-19,0.45701
2014-12-22,0.38104
2014-12-23,0.17464
2014-12-24,-0.01393
2014-12-25,.
2014-12-26,.
2014-12-29,0.08618
2014-12-30,-0.48886
2014-12-31,-1.03108
2015-01-01,.
2015-01-02,.
2015-01-05,-1.82781
2015-01-06,-0.88935
2015-01-07,1.16298
2015-01-08,1.78883
2015-01-09,-0.84039
2015-01-12,-0.80937
2015-01-13,-0.25786
2015-01-14,-0.58131
2015-01-15,-0.92479
2015-01-16,1.34242
2015-01-19,.
2015-01-20,.
2015-01-21,0.47317
2015-01-22,1.52698
2015-01-23,-0.54916
2015-01-26,0.25685
2015-01-27,-1.33878
2015-01-28,-1.34956
2015-01-29,0.95347
2015-01-30,-1.29920
2015-02-02,1.29625
2015-02-03,1.44395
2015-02-04,-0.41560
2015-02-05,1.02914
2015-02-06,-0.34181
2015-02-09,-0.42472
2015-02-10,1.06755
2015-02-11,-0.00290
2015-02-12,0.96445
2015-02-13,0.40747
2015-02-16,.
2015-02-17,.
2015-02-18,-0.03142
2015-02-19,-0.10621
2015-02-20,0.61265
2015-02-23,-0.03033
2015-02-24,0.27587
2015-02-25,-0.07658
2015-02-26,-0.14760
2015-02-27,-0.29563
2015-03-02,0.61250
2015-03-03,-0.45386
2015-03-04,-0.43885
2015-03-05,0.11961
2015-03-06,-1.41739
2015-03-09,0.39445
2015-03-10,-1.69614
2015-03-11,-0.19177
2015-03-12,1.26015
2015-03-13,-0.60747
2015-03-16,1.35337
2015-03-17,-0.33202
2015-03-18,1.21584
2015-03-19,-0.48726
2015-03-20,0.90127
2015-03-23,-0.17456
2015-03-24,-0.61395
2015-03-25,-1.45589
2015-03-26,-0.23774
2015-03-27,0.23685
2015-03-30,1.22367
2015-03-31,-0.87957
2015-04-01,-0.39654
2015-04-02,0.35297
2015-04-03,.
2015-04-06,.
2015-04-07,-0.20619
2015-04-08,0.26826
2015-04-09,0.44575
2015-04-10,0.52028
2015-04-13,-0.45812
2015-04-14,0.16297
2015-04-15,0.51483
2015-04-16,-0.07785
2015-04-17,-1.13112
2015-04-20,0.92351
2015-04-21,-0.14807
2015-04-22,0.50875
2015-04-23,0.23577
2015-04-24,0.22528
2015-04-27,-0.41413
2015-04-28,0.27692
2015-04-29,-0.37404
2015-04-30,-1.01289
2015-05-01,1.09230
2015-05-04,0.29408
2015-05-05,-1.18374
2015-05-06,-0.44557
2015-05-07,0.37738
2015-05-08,1.34579
2015-05-11,-0.50896
2015-05-12,-0.29497
2015-05-13,-0.03049
2015-05-14,1.07792
2015-05-15,0.07685
2015-05-18,0.30480
2015-05-19,-0.06434
2015-05-20,-0.09305
2015-05-21,0.23379
2015-05-22,-0.22339
2015-05-25,.
2015-05-26,.
2015-05-27,0.91626
2015-05-28,-0.12668
2015-05-29,-0.63184
2015-06-01,0.20594
2015-06-02,-0.10087
2015-06-03,0.21189
2015-06-04,-0.86232
2015-06-05,-0.14362
2015-06-08,-0.64745
2015-06-09,0.04184
2015-06-10,1.20424
2015-06-11,0.17386
2015-06-12,-0.69943
2015-06-15,-0.46225
2015-06-16,0.56898
2015-06-17,0.19797
2015-06-18,0.99027
2015-06-19,-0.53035
2015-06-22,0.60948
2015-06-23,0.06359
2015-06-24,-0.73534
2015-06-25,-0.29736
2015-06-26,-0.03900
2015-06-29,-2.08661
2015-06-30,0.26584
2015-07-01,0.69361
2015-07-02,-0.03081
2015-07-03,.
2015-07-06,.
2015-07-07,0.60809
2015-07-08,-1.66527
2015-07-09,0.22622
2015-07-10,1.23385
2015-07-13,1.10661
2015-07-14,0.44532
2015-07-15,-0.07350
2015-07-16,0.80146
2015-07-17,0.11063
2015-07-20,0.07712
2015-07-21,-0.42617
2015-07-22,-0.23877
2015-07-23,-0.56760
2015-07-24,-1.07033
2015-07-27,-0.57750
2015-07-28,1.23861
2015-07-29,0.73188
2015-07-30,0.00285
2015-07-31,-0.22716
2015-08-03,-0.27569
2015-08-04,-0.22497
2015-08-05,0.31147
2015-08-06,-0.77530
2015-08-07,-0.28749
2015-08-10,1.28082
2015-08-11,-0.95572
2015-08-12,0.09501
2015-08-13,-0.12751
2015-08-14,0.39119
2015-08-17,0.52115
2015-08-18,-0.26255
2015-08-19,-0.82550
2015-08-20,-2.11001
2015-08-21,-3.18510
2015-08-24,-3.94137
2015-08-25,-1.35220
2015-08-26,3.90338
2015-08-27,2.42977
2015-08-28,0.06088
2015-08-31,-0.83917
2015-09-01,-2.95764
2015-09-02,1.82930
2015-09-03,0.11648
2015-09-04,-1.53296
2015-09-07,.
2015-09-08,.
2015-09-09,-1.38976
2015-09-10,0.52780
2015-09-11,0.44870
2015-09-14,-0.40896
2015-09-15,1.28313
2015-09-16,0.87054
2015-09-17,-0.25610
2015-09-18,-1.61642
2015-09-21,0.45658
2015-09-22,-1.23184
2015-09-23,-0.20487
2015-09-24,-0.33630
2015-09-25,-0.04658
2015-09-28,-2.56661
2015-09-29,0.12329
2015-09-30,1.90755
2015-10-01,0.19739
2015-10-02,1.43153
2015-10-05,1.82898
2015-10-06,-0.35882
2015-10-07,0.80357
2015-10-08,0.88184
2015-10-09,0.07251
2015-10-12,0.12755
2015-10-13,-0.68254
2015-10-14,-0.47163
2015-10-15,1.48528
2015-10-16,0.45705
2015-10-19,0.02705
2015-10-20,-0.14211
2015-10-21,-0.58254
2015-10-22,1.66275
2015-10-23,1.10304
2015-10-26,-0.19131
2015-10-27,-0.25541
2015-10-28,1.18399
2015-10-29,-0.04497
2015-10-30,-0.48100
2015-11-02,1.18738
2015-11-03,0.27281
2015-11-04,-0.35454
2015-11-05,-0.11321
2015-11-06,-0.03476
2015-11-09,-0.98228
2015-11-10,0.15106
2015-11-11,-0.32281
2015-11-12,-1.39904
2015-11-13,-1.12074
2015-11-16,1.49033
2015-11-17,-0.13394
2015-11-18,1.61624
2015-11-19,-0.11231
2015-11-20,0.38102
2015-11-23,-0.12349
2015-11-24,0.12221
2015-11-25,-0.01292
2015-11-26,.
2015-11-27,.
2015-11-30,-0.46409
2015-12-01,1.06806
2015-12-02,-1.09958
2015-12-03,-1.43736
2015-12-04,2.05258
2015-12-07,-0.69896
2015-12-08,-0.64899
2015-12-09,-0.77389
2015-12-10,0.22514
2015-12-11,-1.94228
2015-12-14,0.47556
2015-12-15,1.06185
2015-12-16,1.45150
2015-12-17,-1.50405
2015-12-18,-1.77972
2015-12-21,0.77784
2015-12-22,0.88168
2015-12-23,1.24180
2015-12-24,-0.15986
2015-12-25,.
2015-12-28,.
2015-12-29,1.06297
2015-12-30,-0.72172
2015-12-31,-0.94118
2016-01-01,.
2016-01-04,.
2016-01-05,0.20123
2016-01-06,-1.31154
2016-01-07,-2.37004
2016-01-08,-1.08384
2016-01-11,0.08533
2016-01-12,0.78028
2016-01-13,-2.49654
2016-01-14,1.66959
2016-01-15,-2.15991
2016-01-18,.
2016-01-19,.
2016-01-20,-1.16939
2016-01-21,0.51954
2016-01-22,2.02837
2016-01-25,-1.56379
2016-01-26,1.41443
2016-01-27,-1.08635
2016-01-28,0.55286
2016-01-29,2.47602
2016-02-01,-0.04432
2016-02-02,-1.87431
2016-02-03,0.49920
2016-02-04,0.15268
2016-02-05,-1.84813
2016-02-08,-1.41539
2016-02-09,-0.06636
2016-02-10,-0.01890
2016-02-11,-1.23011
2016-02-12,1.95180
2016-02-15,.
2016-02-16,.
2016-02-17,1.64804
2016-02-18,-0.46657
2016-02-19,-0.00261
2016-02-22,1.44542
2016-02-23,-1.24544
2016-02-24,0.44398
2016-02-25,1.13483
2016-02-26,-0.18702
2016-02-29,-0.81209
2016-03-01,2.38688
2016-03-02,0.40943
2016-03-03,0.34987
2016-03-04,0.33059
2016-03-07,0.08850
2016-03-08,-1.12401
2016-03-09,0.50524
2016-03-10,0.01558
2016-03-11,1.63955
2016-03-14,-0.12610
2016-03-15,-0.18370
2016-03-16,0.56004
2016-03-17,0.65952
2016-03-18,0.44056
2016-03-21,0.09856
2016-03-22,-0.08774
2016-03-23,-0.63860
2016-03-24,-0.03781
2016-03-25,.
2016-03-28,.
2016-03-29,0.88167
2016-03-30,0.43503
2016-03-31,-0.20398
2016-04-01,0.63309
2016-04-04,-0.32083
2016-04-05,-1.01446
2016-04-06,1.05077
2016-04-07,-1.19758
2016-04-08,0.27866
2016-04-11,-0.27398
2016-04-12,0.96621
2016-04-13,1.00402
2016-04-14,0.01729
2016-04-15,-0.09843
2016-04-18,0.65410
2016-04-19,0.30845
2016-04-20,0.07616
2016-04-21,-0.51941
2016-04-22,0.00478
2016-04-25,-0.18120
2016-04-26,0.18728
2016-04-27,0.16494
2016-04-28,-0.92308
2016-04-29,-0.50631
2016-05-02,0.78100
2016-05-03,-0.86767
2016-05-04,-0.59369
2016-05-05,-0.02389
2016-05-06,0.31746
2016-05-09,0.07535
2016-05-10,1.24837
2016-05-11,-0.95616
2016-05-12,-0.01695
2016-05-13,-0.84782
2016-05-16,0.97967
2016-05-17,-0.94113
2016-05-18,0.02052
2016-05-19,-0.37067
2016-05-20,0.60195
2016-05-23,-0.20854
2016-05-24,1.36814
2016-05-25,0.69748
2016-05-26,-0.02105
2016-05-27,0.42869
2016-05-30,.
2016-05-31,.
2016-06-01,0.11302
2016-06-02,0.28247
2016-06-03,-0.29118
2016-06-06,0.48973
2016-06-07,0.12895
2016-06-08,0.33095
2016-06-09,-0.17177
2016-06-10,-0.91752
2016-06-13,-0.81152
2016-06-14,-0.17989
2016-06-15,-0.18407
2016-06-16,0.31330
2016-06-17,-0.32580
2016-06-20,0.58082
2016-06-21,0.27121
2016-06-22,-0.16516
2016-06-23,1.33640
2016-06-24,-3.59198
2016-06-27,-1.80965
2016-06-28,1.77702
2016-06-29,1.70326
2016-06-30,1.35650
2016-07-01,0.19487
2016-07-04,.
2016-07-05,.
2016-07-06,0.53530
2016-07-07,-0.08715
2016-07-08,1.52533
2016-07-11,0.34086
2016-07-12,0.70093
2016-07-13,0.01347
2016-07-14,0.52592
2016-07-15,-0.09289
2016-07-18,0.23823
2016-07-19,-0.14352
2016-07-20,0.42703
2016-07-21,-0.36125
2016-07-22,0.45539
2016-07-25,-0.30115
2016-07-26,0.03228
2016-07-27,-0.11986
2016-07-28,0.16062
2016-07-29,0.16313
2016-08-01,-0.12698
2016-08-02,-0.63616
2016-08-03,0.31339
2016-08-04,0.02126
2016-08-05,0.86034
2016-08-08,-0.09071
2016-08-09,0.03897
2016-08-10,-0.28647
2016-08-11,0.47346
2016-08-12,-0.07961
2016-08-15,0.27930
2016-08-16,-0.54791
2016-08-17,0.18686
2016-08-18,0.21996
2016-08-19,-0.14403
2016-08-22,-0.05632
2016-08-23,0.19518
2016-08-24,-0.52403
2016-08-25,-0.13652
2016-08-26,-0.15788
2016-08-29,0.52281
2016-08-30,-0.19538
2016-08-31,-0.23758
2016-09-01,-0.00415
2016-09-02,0.42011
2016-09-05,.
2016-09-06,.
2016-09-07,-0.01464
2016-09-08,-0.22231
2016-09-09,-2.45221
2016-09-12,1.46771
2016-09-13,-1.48307
2016-09-14,-0.05877
2016-09-15,1.01093
2016-09-16,-0.37722
2016-09-19,-0.00187
2016-09-20,0.02992
2016-09-21,1.09171
2016-09-22,0.64999
2016-09-23,-0.57368
2016-09-26,-0.85878
2016-09-27,0.64442
2016-09-28,0.52965
2016-09-29,-0.93213
2016-09-30,0.79679
2016-10-03,-0.32607
2016-10-04,-0.49556
2016-10-05,0.42967
2016-10-06,0.04815
2016-10-07,-0.32535
2016-10-10,0.46059
2016-10-11,-1.24465
2016-10-12,0.11466
2016-10-13,-0.30993
2016-10-14,0.02016
2016-10-17,-0.30380
2016-10-18,0.61604
2016-10-19,0.21920
2016-10-20,-0.13757
2016-10-21,-0.00841
2016-10-24,0.47498
2016-10-25,-0.37977
2016-10-26,-0.17404
2016-10-27,-0.29868
2016-10-28,-0.31082
2016-10-31,-0.01223
2016-11-01,-0.67869
2016-11-02,-0.65255
2016-11-03,-0.44234
2016-11-04,-0.16661
2016-11-07,2.22235
2016-11-08,0.37720
2016-11-09,1.10770
2016-11-10,0.19508
2016-11-11,-0.13979
2016-11-14,-0.01155
2016-11-15,0.74808
2016-11-16,-0.15823
2016-11-17,0.46763
2016-11-18,-0.23867
2016-11-21,0.74614
2016-11-22,0.21654
2016-11-23,0.08080
2016-11-24,.
2016-11-25,.
2016-11-28,-0.52545
2016-11-29,0.13353
2016-11-30,-0.26535
2016-12-01,-0.35155
2016-12-02,0.03971
2016-12-05,0.58213
2016-12-06,0.34109
2016-12-07,1.31632
2016-12-08,0.21594
2016-12-09,0.59389
2016-12-12,-0.11374
2016-12-13,0.65398
2016-12-14,-0.81172
2016-12-15,0.38832
2016-12-16,-0.17506
2016-12-19,0.19751
2016-12-20,0.36375
2016-12-21,-0.24573
2016-12-22,-0.18630
2016-12-23,0.12517
2016-12-26,.
2016-12-27,.
2016-12-28,-0.83565
2016-12-29,-0.02933
2016-12-30,-0.46371
2017-01-02,.
2017-01-03,.
2017-01-04,0.57223
2017-01-05,-0.07707
2017-01-06,0.35170
2017-01-09,-0.35486
2017-01-10,0.00000
2017-01-11,0.28296
2017-01-12,-0.21448
2017-01-13,0.18499
2017-01-16,.
2017-01-17,.
2017-01-18,0.17638
2017-01-19,-0.36093
2017-01-20,0.33662
2017-01-23,-0.26901
2017-01-24,0.65645
2017-01-25,0.80261
2017-01-26,-0.07353
2017-01-27,-0.08665
2017-01-30,-0.60095
2017-01-31,-0.08900
2017-02-01,0.02984
2017-02-02,0.05703
2017-02-03,0.72648
2017-02-06,-0.21154
2017-02-07,0.02268
2017-02-08,0.06934
2017-02-09,0.57525
2017-02-10,0.35661
2017-02-13,0.52459
2017-02-14,0.40073
2017-02-15,0.49923
2017-02-16,-0.08641
2017-02-17,0.16786
2017-02-20,.
2017-02-21,.
2017-02-22,-0.10823
2017-02-23,0.04190
2017-02-24,0.14934
2017-02-27,0.10180
2017-02-28,-0.25783
2017-03-01,1.36738
2017-03-02,-0.58599
2017-03-03,0.05038
2017-03-06,-0.32772
2017-03-07,-0.29133
2017-03-08,-0.22843
2017-03-09,0.07998
2017-03-10,0.32687
2017-03-13,0.03667
2017-03-14,-0.33790
2017-03-15,0.83747
2017-03-16,-0.16267
2017-03-17,-0.13144
2017-03-20,-0.20099
2017-03-21,-1.24080
2017-03-22,0.18899
2017-03-23,-0.10603
2017-03-24,-0.08440
2017-03-27,-0.10196
2017-03-28,0.72515
2017-03-29,0.10854
2017-03-30,0.29350
2017-03-31,-0.22550
2017-04-03,-0.16422
2017-04-04,0.05596
2017-04-05,-0.30549
2017-04-06,0.19295
2017-04-07,-0.08272
2017-04-10,0.06877
2017-04-11,-0.14339
2017-04-12,-0.37599
2017-04-13,-0.68147
2017-04-14,.
2017-04-17,.
2017-04-18,-0.29034
2017-04-19,-0.17163
2017-04-20,0.75572
2017-04-21,-0.30350
2017-04-24,1.08401
2017-04-25,0.60906
2017-04-26,-0.04856
2017-04-27,0.05529
2017-04-28,-0.19131
2017-05-01,0.17322
2017-05-02,0.11891
2017-05-03,-0.12713
2017-05-04,0.05820
2017-05-05,0.40887
2017-05-08,0.00375
2017-05-09,-0.10253
2017-05-10,0.11306
2017-05-11,-0.21628
2017-05-12,-0.14784
2017-05-15,0.47764
2017-05-16,-0.06868
2017-05-17,-1.81783
2017-05-18,0.36868
2017-05-19,0.67675
2017-05-22,0.51601
2017-05-23,0.18379
2017-05-24,0.24891
2017-05-25,0.44419
2017-05-26,0.03106
2017-05-29,.
2017-05-30,.
2017-05-31,-0.04600
2017-06-01,0.75711
2017-06-02,0.37077
2017-06-05,-0.12177
2017-06-06,-0.27790
2017-06-07,0.15683
2017-06-08,0.02671
2017-06-09,-0.08300
2017-06-12,-0.09787
2017-06-13,0.45114
2017-06-14,-0.09958
2017-06-15,-0.22396
2017-06-16,0.02837
2017-06-19,0.83472
2017-06-20,-0.66967
2017-06-21,-0.05827
2017-06-22,-0.04557
2017-06-23,0.15609
2017-06-26,0.03158
2017-06-27,-0.80727
2017-06-28,0.88080
2017-06-29,-0.86000
2017-06-30,0.15332
2017-07-03,0.23108
2017-07-04,.
2017-07-05,.
2017-07-06,-0.93688
2017-07-07,0.64032
2017-07-10,0.09278
2017-07-11,-0.07827
2017-07-12,0.73056
2017-07-13,0.18746
2017-07-14,0.46735
2017-07-17,-0.00529
2017-07-18,0.05978
2017-07-19,0.53727
2017-07-20,-0.01536
2017-07-21,-0.03679
2017-07-24,-0.10637
2017-07-25,0.29232
2017-07-26,0.02826
2017-07-27,-0.09726
2017-07-28,-0.13412
2017-07-31,-0.07281
2017-08-01,0.24491
2017-08-02,0.04927
2017-08-03,-0.21836
2017-08-04,0.18890
2017-08-07,0.16473
2017-08-08,-0.24144
2017-08-09,-0.03636
2017-08-10,-1.44744
2017-08-11,0.12755
2017-08-14,1.00437
2017-08-15,-0.04988
2017-08-16,0.14201
2017-08-17,-1.54369
2017-08-18,-0.18354
2017-08-21,0.11626
2017-08-22,0.99408
2017-08-23,-0.34536
2017-08-24,-0.20744
2017-08-25,0.16728
2017-08-28,0.04871
2017-08-29,0.08428
2017-08-30,0.46151
2017-08-31,0.57211
2017-09-01,0.19825
2017-09-04,.
2017-09-05,.
2017-09-06,0.31288
2017-09-07,-0.01785
2017-09-08,-0.14888
2017-09-11,1.08392
2017-09-12,0.33640
2017-09-13,0.07571
2017-09-14,-0.11007
2017-09-15,0.18472
2017-09-18,0.14559
2017-09-19,0.11103
2017-09-20,0.06343
2017-09-21,-0.30460
2017-09-22,0.06478
2017-09-25,-0.22220
2017-09-26,0.00721
2017-09-27,0.40852
2017-09-28,0.12046
2017-09-29,0.37051
2017-10-02,0.38740
2017-10-03,0.21589
2017-10-04,0.12468
2017-10-05,0.56468
2017-10-06,-0.10736
2017-10-09,-0.18044
2017-10-10,0.23224
2017-10-11,0.18035
2017-10-12,-0.16867
2017-10-13,0.08781
2017-10-16,0.17508
2017-10-17,0.06725
2017-10-18,0.07424
2017-10-19,0.03280
2017-10-20,0.51169
2017-10-23,-0.39725
2017-10-24,0.16179
2017-10-25,-0.46631
2017-10-26,0.12709
2017-10-27,0.80730
2017-10-30,-0.31925
2017-10-31,0.09445
2017-11-01,0.15921
2017-11-02,0.01900
2017-11-03,0.30971
2017-11-06,0.12713
2017-11-07,-0.01891
2017-11-08,0.14437
2017-11-09,-0.37620
2017-11-10,-0.08976
2017-11-13,0.09836
2017-11-14,-0.23096
2017-11-15,-0.55257
2017-11-16,0.81961
2017-11-17,-0.26260
2017-11-20,0.12758
2017-11-21,0.65411
2017-11-22,-0.07503
2017-11-23,.
2017-11-24,.
2017-11-27,-0.03843
2017-11-28,0.98485
2017-11-29,-0.03692
2017-11-30,0.81909
2017-12-01,-0.20245
2017-12-04,-0.10521
2017-12-05,-0.37394
2017-12-06,-0.01141
2017-12-07,0.29324
2017-12-08,0.55063
2017-12-11,0.32020
2017-12-12,0.15489
2017-12-13,-0.04730
2017-12-14,-0.40708
2017-12-15,0.89743
2017-12-18,0.53629
2017-12-19,-0.32303
2017-12-20,-0.08279
2017-12-21,0.19856
2017-12-22,-0.04582
2017-12-25,.
2017-12-26,.
2017-12-27,0.07909
2017-12-28,0.18340
2017-12-29,-0.51832
2018-01-01,.
2018-01-02,.
2018-01-03,0.63988
2018-01-04,0.40287
2018-01-05,0.70338
2018-01-08,0.16623
2018-01-09,0.13029
2018-01-10,-0.11122
2018-01-11,0.70336
2018-01-12,0.67496
2018-01-15,.
2018-01-16,.
2018-01-17,0.94150
2018-01-18,-0.16164
2018-01-19,0.43852
2018-01-22,0.80668
2018-01-23,0.21744
2018-01-24,-0.05600
2018-01-25,0.06026
2018-01-26,1.18412
2018-01-29,-0.67319
2018-01-30,-1.08988
2018-01-31,0.04889
2018-02-01,-0.06481
2018-02-02,-2.12085
2018-02-05,-4.09792
2018-02-06,1.74409
2018-02-07,-0.50016
2018-02-08,-3.75365
2018-02-09,1.49361
2018-02-12,1.39146
2018-02-13,0.26130
2018-02-14,1.34025
2018-02-15,1.20691
2018-02-16,0.03735
2018-02-19,.
2018-02-20,.
2018-02-21,-0.54965
2018-02-22,0.09736
2018-02-23,1.60283
2018-02-26,1.17570
2018-02-27,-1.27069
2018-02-28,-1.10958
2018-03-01,-1.33243
2018-03-02,0.50716
2018-03-05,1.10320
2018-03-06,0.26388
2018-03-07,-0.04838
2018-03-08,0.44631
2018-03-09,1.73788
2018-03-12,-0.12740
2018-03-13,-0.63636
2018-03-14,-0.57245
2018-03-15,-0.07820
2018-03-16,0.17035
2018-03-19,-1.42042
2018-03-20,0.14818
2018-03-21,-0.18440
2018-03-22,-2.51629
2018-03-23,-2.09669
2018-03-26,2.71572
2018-03-27,-1.72763
2018-03-28,-0.29166
2018-03-29,1.37697
2018-03-30,.
2018-04-02,.
2018-04-03,1.26148
2018-04-04,1.15665
2018-04-05,0.68628
2018-04-06,-2.19202
2018-04-09,0.33366
2018-04-10,1.67269
2018-04-11,-0.55253
2018-04-12,0.82507
2018-04-13,-0.28866
2018-04-16,0.81090
2018-04-17,1.06616
2018-04-18,0.08314
2018-04-19,-0.57261
2018-04-20,-0.85365
2018-04-23,0.00562
2018-04-24,-1.33806
2018-04-25,0.18371
2018-04-26,1.04342
2018-04-27,0.11136
2018-04-30,-0.81875
2018-05-01,0.25490
2018-05-02,-0.72058
2018-05-03,-0.22537
2018-05-04,1.28112
2018-05-07,0.34580
2018-05-08,-0.02657
2018-05-09,0.96822
2018-05-10,0.93706
2018-05-11,0.17076
2018-05-14,0.08835
2018-05-15,-0.68422
2018-05-16,0.40606
2018-05-17,-0.08558
2018-05-18,-0.26322
2018-05-21,0.73867
2018-05-22,-0.31357
2018-05-23,0.32484
2018-05-24,-0.20232
2018-05-25,-0.23572
2018-05-28,.
2018-05-29,.
2018-05-30,1.26958
2018-05-31,-0.68796
2018-06-01,1.08492
2018-06-04,0.44796
2018-06-05,0.07026
2018-06-06,0.85674
2018-06-07,-0.07142
2018-06-08,0.31259
2018-06-11,0.10687
2018-06-12,0.17434
2018-06-13,-0.40261
2018-06-14,0.24715
2018-06-15,-0.10171
2018-06-18,-0.21262
2018-06-19,-0.40234
2018-06-20,0.17122
2018-06-21,-0.63455
2018-06-22,0.18620
2018-06-25,-1.37247
2018-06-26,0.22046
2018-06-27,-0.86043
2018-06-28,0.61786
2018-06-29,0.07584
2018-07-02,0.30680
2018-07-03,-0.49474
2018-07-04,.
2018-07-05,.
2018-07-06,0.84813
2018-07-09,0.88230
2018-07-10,0.34732
2018-07-11,-0.70942
2018-07-12,0.87490
2018-07-13,0.10792
2018-07-16,-0.10281
2018-07-17,0.39737
2018-07-18,0.21605
2018-07-19,-0.39529
2018-07-20,-0.09485
2018-07-23,0.18381
2018-07-24,0.47809
2018-07-25,0.91015
2018-07-26,-0.30323
2018-07-27,-0.65623
2018-07-30,-0.57542
2018-07-31,0.48847
2018-08-01,-0.10404
2018-08-02,0.49265
2018-08-03,0.46441
2018-08-06,0.35383
2018-08-07,0.28242
2018-08-08,-0.02624
2018-08-09,-0.14417
2018-08-10,-0.71139
2018-08-13,-0.40060
2018-08-14,0.63892
2018-08-15,-0.76022
2018-08-16,0.79195
2018-08-17,0.33231
2018-08-20,0.24280
2018-08-21,0.20686
2018-08-22,-0.03982
2018-08-23,-0.16912
2018-08-24,0.61989
2018-08-27,0.76704
2018-08-28,0.02693
2018-08-29,0.57014
2018-08-30,-0.44303
2018-08-31,0.01344
2018-09-03,.
2018-09-04,.
2018-09-05,-0.28032
2018-09-06,-0.36523
2018-09-07,-0.22133
2018-09-10,0.18978
2018-09-11,0.37398
2018-09-12,0.03567
2018-09-13,0.52823
2018-09-14,0.02755
2018-09-17,-0.55697
2018-09-18,0.53690
2018-09-19,0.12533
2018-09-20,0.78406
2018-09-21,-0.03685
2018-09-24,-0.35158
2018-09-25,-0.13051
2018-09-26,-0.32892
2018-09-27,0.27633
2018-09-28,-0.00069
2018-10-01,0.36411
2018-10-02,-0.03966
2018-10-03,0.07115
2018-10-04,-0.81695
2018-10-05,-0.55280
2018-10-08,-0.03951
2018-10-09,-0.14180
2018-10-10,-3.28642
2018-10-11,-2.05731
2018-10-12,1.42063
2018-10-15,-0.59050
2018-10-16,2.14956
2018-10-17,-0.02527
2018-10-18,-1.43919
2018-10-19,-0.03612
2018-10-22,-0.42995
2018-10-23,-0.55119
2018-10-24,-3.08645
2018-10-25,1.86251
2018-10-26,-1.73272
2018-10-29,-0.65596
2018-10-30,1.56668
2018-10-31,1.08513
2018-11-01,1.05578
2018-11-02,-0.63167
2018-11-05,0.56003
2018-11-06,0.62593
2018-11-07,2.12089
2018-11-08,-0.25090
2018-11-09,-0.91990
2018-11-12,-1.97015
2018-11-13,-0.14819
2018-11-14,-0.75675
2018-11-15,1.05938
2018-11-16,0.22233
2018-11-19,-1.66431
2018-11-20,-1.81512
2018-11-21,0.30433
2018-11-22,.
2018-11-23,.
2018-11-26,1.55324
2018-11-27,0.32617
2018-11-28,2.29739
2018-11-29,-0.21977
2018-11-30,0.81855
2018-12-03,1.09414
2018-12-04,-3.23649
2018-12-05,.
2018-12-06,.
2018-12-07,-2.33202
2018-12-10,0.17622
2018-12-11,-0.03564
2018-12-12,0.54195
2018-12-13,-0.01999
2018-12-14,-1.90867
2018-12-17,-2.07735
2018-12-18,0.00864
2018-12-19,-1.53957
2018-12-20,-1.57721
2018-12-21,-2.05883
2018-12-24,-2.71122
2018-12-25,.
2018-12-26,.
2018-12-27,0.85626
2018-12-28,-0.12415
2018-12-31,0.84924
2019-01-01,.
2019-01-02,.
2019-01-03,-2.47567
2019-01-04,3.43357
2019-01-07,0.70104
2019-01-08,0.96953
2019-01-09,0.40980
2019-01-10,0.45184
2019-01-11,-0.01463
2019-01-14,-0.52576
2019-01-15,1.07217
2019-01-16,0.22220
2019-01-17,0.75915
2019-01-18,1.31831
2019-01-21,.
2019-01-22,.
2019-01-23,0.22029
2019-01-24,0.13757
2019-01-25,0.84887
2019-01-28,-0.78469
2019-01-29,-0.14562
2019-01-30,1.55492
2019-01-31,0.85974
2019-02-01,0.08986
2019-02-04,0.67762
2019-02-05,0.47085
2019-02-06,-0.22245
2019-02-07,-0.93571
2019-02-08,0.06763
2019-02-11,0.07090
2019-02-12,1.28903
2019-02-13,0.30240
2019-02-14,-0.26516
2019-02-15,1.08787
2019-02-18,.
2019-02-19,.
2019-02-20,0.17771
2019-02-21,-0.35264
2019-02-22,0.64111
2019-02-25,0.12318
2019-02-26,-0.07904
2019-02-27,-0.05440
2019-02-28,-0.28255
2019-03-01,0.68953
2019-03-04,-0.38806
2019-03-05,-0.11315
2019-03-06,-0.65241
2019-03-07,-0.81257
2019-03-08,-0.21317
2019-03-11,1.46660
2019-03-12,0.29533
2019-03-13,0.69496
2019-03-14,-0.08680
2019-03-15,0.49849
2019-03-18,0.37060
2019-03-19,-0.01306
2019-03-20,-0.29443
2019-03-21,1.08525
2019-03-22,-1.89745
2019-03-25,-0.08391
2019-03-26,0.71828
2019-03-27,-0.46444
2019-03-28,0.35895
2019-03-29,0.67343
2019-04-01,1.15686
2019-04-02,0.00174
2019-04-03,0.21484
2019-04-04,0.20846
2019-04-05,0.46364
2019-04-08,0.10474
2019-04-09,-0.60675
2019-04-10,0.34779
2019-04-11,0.00381
2019-04-12,0.66094
2019-04-15,-0.06294
2019-04-16,0.05094
2019-04-17,-0.22738
2019-04-18,0.15791
2019-04-19,.
2019-04-22,.
2019-04-23,0.88412
2019-04-24,-0.21918
2019-04-25,-0.03689
2019-04-26,0.46853
2019-04-29,0.10715
2019-04-30,0.09514
2019-05-01,-0.75021
2019-05-02,-0.21240
2019-05-03,0.96383
2019-05-06,-0.44710
2019-05-07,-1.65117
2019-05-08,-0.16054
2019-05-09,-0.30214
2019-05-10,0.37203
2019-05-13,-2.41306
2019-05-14,0.80160
2019-05-15,0.58390
2019-05-16,0.88952
2019-05-17,-0.58373
2019-05-20,-0.67494
2019-05-21,0.84958
2019-05-22,-0.28244
2019-05-23,-1.19141
2019-05-24,0.13535
2019-05-27,.
2019-05-28,.
2019-05-29,-0.69120
2019-05-30,0.20984
2019-05-31,-1.31954
2019-06-03,-0.27652
2019-06-04,2.14323
2019-06-05,0.81619
2019-06-06,0.61356
2019-06-07,1.04977
2019-06-10,0.46601
2019-06-11,-0.03499
2019-06-12,-0.20376
2019-06-13,0.40974
2019-06-14,-0.16115
2019-06-17,0.09318
2019-06-18,0.97174
2019-06-19,0.29852
2019-06-20,0.94722
2019-06-21,-0.12592
2019-06-24,-0.17319
2019-06-25,-0.94963
2019-06-26,-0.12340
2019-06-27,0.38232
2019-06-28,0.57574
2019-07-01,0.76723
2019-07-02,0.29281
2019-07-03,0.76724
2019-07-04,.
2019-07-05,.
2019-07-08,-0.48355
2019-07-09,0.12366
2019-07-10,0.45106
2019-07-11,0.22853
2019-07-12,0.46201
2019-07-15,0.01759
2019-07-16,-0.34038
2019-07-17,-0.65312
2019-07-18,0.35819
2019-07-19,-0.61767
2019-07-22,0.28287
2019-07-23,0.68475
2019-07-24,0.46881
2019-07-25,-0.52624
2019-07-26,0.73876
2019-07-29,-0.16161
2019-07-30,-0.25786
2019-07-31,-1.08855
2019-08-01,-0.89989
2019-08-02,-0.72827
2019-08-05,-2.97778
2019-08-06,1.30170
2019-08-07,0.07669
2019-08-08,1.87623
2019-08-09,-0.66165
2019-08-12,-1.19576
2019-08-13,1.47620
2019-08-14,-2.92928
2019-08-15,0.24643
2019-08-16,1.44262
2019-08-19,1.21059
2019-08-20,-0.79148
2019-08-21,0.82468
2019-08-22,-0.05061
2019-08-23,-2.59464
2019-08-26,1.09831
2019-08-27,-0.32032
2019-08-28,0.65455
2019-08-29,1.26872
2019-08-30,0.06428
2019-09-02,.
2019-09-03,.
2019-09-04,1.08421
2019-09-05,1.30098
2019-09-06,0.09106
2019-09-09,-0.00940
2019-09-10,0.03223
2019-09-11,0.72297
2019-09-12,0.28791
2019-09-13,-0.07244
2019-09-16,-0.31356
2019-09-17,0.25818
2019-09-18,0.03427
2019-09-19,0.00200
2019-09-20,-0.48956
2019-09-23,-0.00969
2019-09-24,-0.84164
2019-09-25,0.61586
2019-09-26,-0.24289
2019-09-27,-0.53163
2019-09-30,0.50476
2019-10-01,-1.22584
2019-10-02,-1.79032
2019-10-03,0.79720
2019-10-04,1.42169
2019-10-07,-0.44783
2019-10-08,-1.55608
2019-10-09,0.91045
2019-10-10,0.64157
2019-10-11,1.09389
2019-10-14,-0.13871
2019-10-15,0.99557
2019-10-16,-0.19995
2019-10-17,0.27628
2019-10-18,-0.39193
2019-10-21,0.68716
2019-10-22,-0.35687
2019-10-23,0.28471
2019-10-24,0.19204
2019-10-25,0.40727
2019-10-28,0.55814
2019-10-29,-0.08324
2019-10-30,0.32533
2019-10-31,-0.30229
2019-11-01,0.96624
2019-11-04,0.37041
2019-11-05,-0.11857
2019-11-06,0.07025
2019-11-07,0.27301
2019-11-08,0.25606
2019-11-11,-0.19624
2019-11-12,0.15646
2019-11-13,0.07116
2019-11-14,0.08371
2019-11-15,0.76955
2019-11-18,0.05031
2019-11-19,-0.05926
2019-11-20,-0.37562
2019-11-21,-0.15828
2019-11-22,0.21749
2019-11-25,0.75073
2019-11-26,0.21955
2019-11-27,0.41745
2019-11-28,.
2019-11-29,.
2019-12-02,-0.86311
2019-12-03,-0.66380
2019-12-04,0.63235
2019-12-05,0.15003
2019-12-06,0.91357
2019-12-09,-0.31628
2019-12-10,-0.10970
2019-12-11,0.29082
2019-12-12,0.85752
2019-12-13,0.00726
2019-12-16,0.71478
2019-12-17,0.03353
2019-12-18,-0.04323
2019-12-19,0.44592
2019-12-20,0.49448
2019-12-23,0.08661
2019-12-24,-0.01954
2019-12-25,.
2019-12-26,.
2019-12-27,0.00340
2019-12-30,-0.57808
2019-12-31,0.29460
2020-01-01,.
2020-01-02,.
2020-01-03,-0.70599
2020-01-06,0.35334
2020-01-07,-0.28032
2020-01-08,0.49024
2020-01-09,0.66553
2020-01-10,-0.28552
2020-01-13,0.69763
2020-01-14,-0.15145
2020-01-15,0.18702
2020-01-16,0.83665
2020-01-17,0.38621
2020-01-20,.
2020-01-21,.
2020-01-22,0.02891
2020-01-23,0.11410
2020-01-24,-0.90421
2020-01-27,-1.57307
2020-01-28,1.00536
2020-01-29,-0.08668
2020-01-30,0.31344
2020-01-31,-1.77059
2020-02-03,0.72546
2020-02-04,1.49804
2020-02-05,1.12506
2020-02-06,0.33256
2020-02-07,-0.54008
2020-02-10,0.73264
2020-02-11,0.16885
2020-02-12,0.64627
2020-02-13,-0.16304
2020-02-14,0.18435
2020-02-17,.
2020-02-18,.
2020-02-19,0.47058
2020-02-20,-0.38155
2020-02-21,-1.05181
2020-02-24,-3.35136
2020-02-25,-3.02800
2020-02-26,-0.37785
2020-02-27,-4.41633
2020-02-28,-0.82383
2020-03-02,4.60392
2020-03-03,-2.81079
2020-03-04,4.22026
2020-03-05,-3.39220
2020-03-06,-1.70539
2020-03-09,-7.59697
2020-03-10,4.93963
2020-03-11,-4.88684
2020-03-12,-9.51127
2020-03-13,9.28712
2020-03-16,-11.98405
2020-03-17,5.99548
2020-03-18,-5.18308
2020-03-19,0.47079
2020-03-20,-4.33595
2020-03-23,-2.92939
2020-03-24,9.38277
2020-03-25,1.15350
2020-03-26,6.24142
2020-03-27,-3.36873
2020-03-30,3.35160
2020-03-31,-1.60128
2020-04-01,-4.41424
2020-04-02,2.28294
2020-04-03,-1.51371
2020-04-06,7.03313
2020-04-07,-0.16030
2020-04-08,3.40564
2020-04-09,1.44874
2020-04-10,.
2020-04-13,.
2020-04-14,3.05725
2020-04-15,-2.20305
2020-04-16,0.58167
2020-04-17,2.67936
2020-04-20,-1.78810
2020-04-21,-3.06748
2020-04-22,2.29302
2020-04-23,-0.05394
2020-04-24,1.39181
2020-04-27,1.47141
2020-04-28,-0.52424
2020-04-29,2.65839
2020-04-30,-0.92124
2020-05-01,-2.80590
2020-05-04,0.42498
2020-05-05,0.90406
2020-05-06,-0.69794
2020-05-07,1.15046
2020-05-08,1.68715
2020-05-11,0.01775
2020-05-12,-2.05438
2020-05-13,-1.74627
2020-05-14,1.15248
2020-05-15,0.39264
2020-05-18,3.15012
2020-05-19,-1.04844
2020-05-20,1.66510
2020-05-21,-0.77736
2020-05-22,0.23537
2020-05-25,.
2020-05-26,.
2020-05-27,1.48273
2020-05-28,-0.21079
2020-05-29,0.48123
2020-06-01,0.37513
2020-06-02,0.82108
2020-06-03,1.36490
2020-06-04,-0.33687
2020-06-05,2.62117
2020-06-08,1.20416
2020-06-09,-0.77992
2020-06-10,-0.53131
2020-06-11,-5.89441
2020-06-12,1.30609
2020-06-15,0.83122
2020-06-16,1.89624
2020-06-17,-0.36003
2020-06-18,0.05942
2020-06-19,-0.56495
2020-06-22,0.64951
2020-06-23,0.43074
2020-06-24,-2.58552
2020-06-25,1.09595
2020-06-26,-2.42269
2020-06-29,1.46857
2020-06-30,1.54099
2020-07-01,0.50221
2020-07-02,0.45413
2020-07-03,.
2020-07-06,.
2020-07-07,-1.08186
2020-07-08,0.78275
2020-07-09,-0.56436
2020-07-10,1.04662
2020-07-13,-0.93625
2020-07-14,1.34064
2020-07-15,0.90820
2020-07-16,-0.34061
2020-07-17,0.28486
2020-07-20,0.84069
2020-07-21,0.16790
2020-07-22,0.57471
2020-07-23,-1.23198
2020-07-24,-0.61904
2020-07-27,0.73951
2020-07-28,-0.64734
2020-07-29,1.24284
2020-07-30,-0.37503
2020-07-31,0.76705
2020-08-03,0.71810
2020-08-04,0.36120
2020-08-05,0.64297
2020-08-06,0.64277
2020-08-07,0.06330
2020-08-10,0.27422
2020-08-11,-0.79691
2020-08-12,1.39965
2020-08-13,-0.20471
2020-08-14,-0.01719
2020-08-17,0.27099
2020-08-18,0.23034
2020-08-19,-0.44044
2020-08-20,0.31587
2020-08-21,0.34411
2020-08-24,1.00437
2020-08-25,0.35963
2020-08-26,1.01957
2020-08-27,0.16730
2020-08-28,0.67326
2020-08-31,-0.21950
2020-09-01,0.75250
2020-09-02,1.53659
2020-09-03,-3.51258
2020-09-04,-0.81330
2020-09-07,.
2020-09-08,.
2020-09-09,2.01450
2020-09-10,-1.75848
2020-09-11,0.05331
2020-09-14,1.27418
2020-09-15,0.52194
2020-09-16,-0.46190
2020-09-17,-0.84124
2020-09-18,-1.11826
2020-09-21,-1.15711
2020-09-22,1.05179
2020-09-23,-2.37214
2020-09-24,0.29874
2020-09-25,1.59768
2020-09-28,1.61105
2020-09-29,-0.48126
2020-09-30,0.82537
2020-10-01,0.52929
2020-10-02,-0.95717
2020-10-05,1.79755
2020-10-06,-1.39880
2020-10-07,1.74058
2020-10-08,0.80071
2020-10-09,0.87907
2020-10-12,1.64187
2020-10-13,-0.63069
2020-10-14,-0.66231
2020-10-15,-0.15278
2020-10-16,0.01349
2020-10-19,-1.63298
2020-10-20,0.47273
2020-10-21,-0.21957
2020-10-22,0.52189
2020-10-23,0.34458
2020-10-26,-1.85895
2020-10-27,-0.30256
2020-10-28,-3.52879
2020-10-29,1.19473
2020-10-30,-1.21295
2020-11-02,1.23182
2020-11-03,1.77993
2020-11-04,2.20470
2020-11-05,1.94602
2020-11-06,-0.02877
2020-11-09,1.16999
2020-11-10,-0.13998
2020-11-11,0.76519
2020-11-12,-0.99786
2020-11-13,1.36104
2020-11-16,1.16480
2020-11-17,-0.47920
2020-11-18,-1.15638
2020-11-19,0.39464
2020-11-20,-0.67925
2020-11-23,0.56359
2020-11-24,1.61617
2020-11-25,-0.15844
2020-11-26,.
2020-11-27,.
2020-11-30,-0.45955
2020-12-01,1.12712
2020-12-02,0.17912
2020-12-03,-0.06241
2020-12-04,0.88362
2020-12-07,-0.19356
2020-12-08,0.27871
2020-12-09,-0.79492
2020-12-10,-0.12851
2020-12-11,-0.12650
2020-12-14,-0.43593
2020-12-15,1.29212
2020-12-16,0.17728
2020-12-17,0.57576
2020-12-18,-0.35111
2020-12-21,-0.39063
2020-12-22,-0.20731
2020-12-23,0.07458
2020-12-24,0.35366
2020-12-25,.
2020-12-28,.
2020-12-29,-0.22274
2020-12-30,0.13415
2020-12-31,0.64388
2021-01-01,.
2021-01-04,.
2021-01-05,0.70825
2021-01-06,0.57099
2021-01-07,1.48474
2021-01-08,0.54919
2021-01-11,-0.65548
2021-01-12,0.04158
2021-01-13,0.22756
2021-01-14,-0.37534
2021-01-15,-0.71900
2021-01-18,.
2021-01-19,.
2021-01-20,1.39356
2021-01-21,0.03167
2021-01-22,-0.30106
2021-01-25,0.36158
2021-01-26,-0.14888
2021-01-27,-2.56779
2021-01-28,0.97607
2021-01-29,-1.93115
2021-02-01,1.60517
2021-02-02,1.38982
2021-02-03,0.10088
2021-02-04,1.08533
2021-02-05,0.38975
2021-02-08,0.73993
2021-02-09,-0.11135
2021-02-10,-0.03452
2021-02-11,0.16625
2021-02-12,0.47110
2021-02-15,.
2021-02-16,.
2021-02-17,-0.03204
2021-02-18,-0.44158
2021-02-19,-0.18549
2021-02-22,-0.77328
2021-02-23,0.12563
2021-02-24,1.13517
2021-02-25,-2.44788
2021-02-26,-0.47502
2021-03-01,2.37907
2021-03-02,-0.80808
2021-03-03,-1.30662
2021-03-04,-1.34172
2021-03-05,1.94960
2021-03-08,-0.53593
2021-03-09,1.41547
2021-03-10,0.60303
2021-03-11,1.03955
2021-03-12,0.10154
2021-03-15,0.64920
2021-03-16,-0.15697
2021-03-17,0.28793
2021-03-18,-1.47605
2021-03-19,-0.06027
2021-03-22,0.70251
2021-03-23,-0.76308
2021-03-24,-0.54673
2021-03-25,0.52402
2021-03-26,1.66312
2021-03-29,-0.08680
2021-03-30,-0.31578
2021-03-31,0.36225
2021-04-01,1.18251
