Date,NYSEVOL,RTRR,,,,
1900-01-01,5.86,NA,,,,
1900-02-01,7.02,NA,,,,
1900-03-01,10.11,NA,,,,
1900-04-01,10.56,NA,,,,
1900-05-01,6.61,NA,,,,
1900-06-01,5.55,NA,,,,
1900-07-01,4.38,NA,,,,
1900-08-01,2.72,NA,,,,
1900-09-01,3.8,NA,,,,
1900-10-01,8.04,NA,,,,
1900-11-01,17.29,NA,,,,
1900-12-01,19.13,NA,,,,
1901-01-01,26.04,NA,,,,
1901-02-01,17.85,NA,,,,
1901-03-01,21.94,NA,,,,
1901-04-01,34.9,NA,,,,
1901-05-01,31.12,NA,,,,
1901-06-01,16.78,NA,,,,
1901-07-01,14.35,NA,,,,
1901-08-01,9.14,NA,,,,
1901-09-01,11.12,NA,,,,
1901-10-01,10.96,NA,,,,
1901-11-01,15.32,NA,,,,
1901-12-01,12.29,NA,,,,
1902-01-01,11.86,NA,,,,
1902-02-01,10.36,NA,,,,
1902-03-01,9.27,NA,,,,
1902-04-01,22.4,NA,,,,
1902-05-01,11.79,NA,,,,
1902-06-01,6.78,NA,,,,
1902-07-01,14.71,NA,,,,
1902-08-01,13.12,NA,,,,
1902-09-01,19.25,NA,,,,
1902-10-01,14.45,NA,,,,
1902-11-01,15.1,NA,,,,
1902-12-01,13.83,NA,,,,
1903-01-01,14.19,NA,,,,
1903-02-01,8.73,NA,,,,
1903-03-01,12.39,NA,,,,
1903-04-01,10.41,NA,,,,
1903-05-01,10.61,NA,,,,
1903-06-01,13.52,NA,,,,
1903-07-01,13.16,NA,,,,
1903-08-01,12.9,NA,,,,
1903-09-01,9.47,NA,,,,
1903-10-01,10.51,NA,,,,
1903-11-01,9.32,NA,,,,
1903-12-01,12.51,NA,,,,
1904-01-01,10.21,NA,,,,
1904-02-01,7.29,NA,,,,
1904-03-01,10.09,NA,,,,
1904-04-01,7.32,NA,,,,
1904-05-01,4.32,NA,,,,
1904-06-01,4.17,NA,,,,
1904-07-01,10.74,NA,,,,
1904-08-01,9.78,NA,,,,
1904-09-01,16.64,NA,,,,
1904-10-01,28.72,NA,,,,
1904-11-01,26.58,NA,,,,
1904-12-01,21.72,NA,,,,
1905-01-01,17.91,NA,,,,
1905-02-01,22.34,NA,,,,
1905-03-01,23.8,NA,,,,
1905-04-01,22.63,NA,,,,
1905-05-01,16.71,NA,,,,
1905-06-01,9.95,NA,,,,
1905-07-01,11.44,NA,,,,
1905-08-01,17.25,NA,,,,
1905-09-01,13.78,NA,,,,
1905-10-01,13.81,NA,,,,
1905-11-01,20.1,NA,,,,
1905-12-01,20.79,NA,,,,
1906-01-01,29.99,NA,,,,
1906-02-01,15.95,NA,,,,
1906-03-01,13.68,NA,,,,
1906-04-01,17.92,NA,,,,
1906-05-01,16.54,NA,,,,
1906-06-01,15.64,NA,,,,
1906-07-01,12.51,NA,,,,
1906-08-01,26.39,NA,,,,
1906-09-01,21.38,NA,,,,
1906-10-01,17.71,NA,,,,
1906-11-01,17.22,NA,,,,
1906-12-01,16.8,NA,,,,
1907-01-01,18.16,NA,,,,
1907-02-01,12.87,NA,,,,
1907-03-01,26.07,NA,,,,
1907-04-01,14.97,NA,,,,
1907-05-01,12.9,NA,,,,
1907-06-01,8.19,NA,,,,
1907-07-01,10.94,NA,,,,
1907-08-01,12.3,NA,,,,
1907-09-01,9.14,NA,,,,
1907-10-01,13.63,NA,,,,
1907-11-01,7.89,NA,,,,
1907-12-01,9.82,NA,,,,
1908-01-01,13.13,NA,,,,
1908-02-01,7.71,NA,,,,
1908-03-01,12.73,NA,,,,
1908-04-01,9.64,NA,,,,
1908-05-01,17.83,NA,,,,
1908-06-01,8.12,NA,,,,
1908-07-01,11.28,NA,,,,
1908-08-01,15.03,NA,,,,
1908-09-01,15.15,NA,,,,
1908-10-01,12.47,NA,,,,
1908-11-01,22.38,NA,,,,
1908-12-01,19.76,NA,,,,
1909-01-01,15.23,NA,,,,
1909-02-01,10.98,NA,,,,
1909-03-01,12.35,NA,,,,
1909-04-01,17.7,NA,,,,
1909-05-01,15.39,NA,,,,
1909-06-01,19.21,NA,,,,
1909-07-01,12.35,NA,,,,
1909-08-01,23.21,NA,,,,
1909-09-01,19.2,NA,,,,
1909-10-01,20.45,NA,,,,
1909-11-01,15.65,NA,,,,
1909-12-01,16.09,NA,,,,
1910-01-01,22.53,NA,,,,
1910-02-01,14.99,NA,,,,
1910-03-01,14.49,NA,,,,
1910-04-01,13.99,NA,,,,
1910-05-01,11.89,NA,,,,
1910-06-01,16.46,NA,,,,
1910-07-01,14.39,NA,,,,
1910-08-01,10.47,NA,,,,
1910-09-01,7.69,NA,,,,
1910-10-01,13.37,NA,,,,
1910-11-01,10.75,NA,,,,
1910-12-01,10.07,NA,,,,
1911-01-01,10.31,NA,,,,
1911-02-01,10.1,NA,,,,
1911-03-01,6.89,NA,,,,
1911-04-01,5,NA,,,,
1911-05-01,10.62,NA,,,,
1911-06-01,10.37,NA,,,,
1911-07-01,5.39,NA,,,,
1911-08-01,14.99,NA,,,,
1911-09-01,16.78,NA,,,,
1911-10-01,11.01,NA,,,,
1911-11-01,14.89,NA,,,,
1911-12-01,8.99,NA,,,,
1912-01-01,11.33,NA,,,,
1912-02-01,7.01,NA,,,,
1912-03-01,14.46,NA,,,,
1912-04-01,16.82,NA,,,,
1912-05-01,13.55,NA,,,,
1912-06-01,7.72,NA,,,,
1912-07-01,7.12,NA,,,,
1912-08-01,8.89,NA,,,,
1912-09-01,9.61,NA,,,,
1912-10-01,14.06,NA,,,,
1912-11-01,9.62,NA,,,,
1912-12-01,12.5,NA,,,,
1913-01-01,8.68,NA,,,,
1913-02-01,6.58,NA,,,,
1913-03-01,7.16,NA,,,,
1913-04-01,8.44,NA,,,,
1913-05-01,5.52,NA,,,,
1913-06-01,9.55,NA,,,,
1913-07-01,5.15,NA,,,,
1913-08-01,6.06,NA,,,,
1913-09-01,7.66,NA,,,,
1913-10-01,7.36,NA,,,,
1913-11-01,3.73,NA,,,,
1913-12-01,7.08,NA,,,,
1914-01-01,9.99,NA,,,,
1914-02-01,6.18,NA,,,,
1914-03-01,5.82,NA,,,,
1914-04-01,7.05,NA,,,,
1914-05-01,4.69,NA,,,,
1914-06-01,3.99,NA,,,,
1914-07-01,7.83,NA,,,,
1914-08-01,0,NA,,,,
1914-09-01,0,NA,,,,
1914-10-01,0,NA,,,,
1914-11-01,0,NA,,,,
1914-12-01,1.87,NA,,,,
1915-01-01,5.03,NA,,,,
1915-02-01,4.34,NA,,,,
1915-03-01,7.81,NA,,,,
1915-04-01,20.98,NA,,,,
1915-05-01,12.56,NA,,,,
1915-06-01,11.03,NA,,,,
1915-07-01,14.17,NA,,,,
1915-08-01,20.42,NA,,,,
1915-09-01,18.37,NA,,,,
1915-10-01,26.62,NA,,,,
1915-11-01,17.47,NA,,,,
1915-12-01,13.7,NA,,,,
1916-01-01,15.89,NA,,,,
1916-02-01,12.06,NA,,,,
1916-03-01,15.07,NA,,,,
1916-04-01,12.54,NA,,,,
1916-05-01,16.28,NA,,,,
1916-06-01,12.66,NA,,,,
1916-07-01,9.2,NA,,,,
1916-08-01,14.42,NA,,,,
1916-09-01,30.09,NA,,,,
1916-10-01,28.37,NA,,,,
1916-11-01,34.47,NA,,,,
1916-12-01,31.59,NA,,,,
1917-01-01,16.45,NA,,,,
1917-02-01,13.66,NA,,,,
1917-03-01,18.54,NA,,,,
1917-04-01,14.24,NA,,,,
1917-05-01,19.56,NA,,,,
1917-06-01,18.91,NA,,,,
1917-07-01,12.89,NA,,,,
1917-08-01,11.7,NA,,,,
1917-09-01,13.77,NA,,,,
1917-10-01,17.45,NA,,,,
1917-11-01,14.81,NA,,,,
1917-12-01,12.8,NA,,,,
1918-01-01,12.96,NA,,,,
1918-02-01,11.25,NA,,,,
1918-03-01,8.25,NA,,,,
1918-04-01,7.28,NA,,,,
1918-05-01,20.95,NA,,,,
1918-06-01,11.45,NA,,,,
1918-07-01,8.48,NA,,,,
1918-08-01,6.85,NA,,,,
1918-09-01,7.85,NA,,,,
1918-10-01,20.25,NA,,,,
1918-11-01,14.88,NA,,,,
1918-12-01,11.95,NA,,,,
1919-01-01,11.64,NA,,,,
1919-02-01,12.17,NA,,,,
1919-03-01,21.2,NA,,,,
1919-04-01,28.63,NA,,,,
1919-05-01,34.54,NA,,,,
1919-06-01,31.83,NA,,,,
1919-07-01,34.44,NA,,,,
1919-08-01,24.3,NA,,,,
1919-09-01,24.01,NA,,,,
1919-10-01,37.29,NA,,,,
1919-11-01,30.19,NA,,,,
1919-12-01,24.96,NA,,,,
1920-01-01,19.99,NA,,,,
1920-02-01,22.86,NA,,,,
1920-03-01,28.95,NA,,,,
1920-04-01,28.4,NA,,,,
1920-05-01,16.59,NA,,,,
1920-06-01,9.32,NA,,,,
1920-07-01,12.56,NA,,,,
1920-08-01,13.79,NA,,,,
1920-09-01,15.41,NA,,,,
1920-10-01,13.65,NA,,,,
1920-11-01,22.26,NA,,,,
1920-12-01,24.27,NA,,,,
1921-01-01,16.11,NA,,,,
1921-02-01,10.27,NA,,,,
1921-03-01,15.94,NA,,,,
1921-04-01,15.73,NA,,,,
1921-05-01,17.1,NA,,,,
1921-06-01,18.4,NA,,,,
1921-07-01,9.25,NA,,,,
1921-08-01,11.04,NA,,,,
1921-09-01,12.76,NA,,,,
1921-10-01,13.12,NA,,,,
1921-11-01,15.3,NA,,,,
1921-12-01,17.92,NA,,,,
1922-01-01,15.48,NA,,,,
1922-02-01,16.11,NA,,,,
1922-03-01,22.56,NA,,,,
1922-04-01,30.55,NA,,,,
1922-05-01,29.58,NA,,,,
1922-06-01,24.46,NA,,,,
1922-07-01,15.41,NA,,,,
1922-08-01,17.83,NA,,,,
1922-09-01,21.87,NA,,,,
1922-10-01,25.69,NA,,,,
1922-11-01,21,NA,,,,
1922-12-01,19.75,NA,,,,
1923-01-01,20.45,NA,,,,
1923-02-01,22.81,NA,,,,
1923-03-01,25.9,NA,,,,
1923-04-01,20.18,NA,,,,
1923-05-01,23.25,NA,,,,
1923-06-01,19.91,NA,,,,
1923-07-01,12.6,NA,,,,
1923-08-01,13.41,NA,,,,
1923-09-01,14.67,NA,,,,
1923-10-01,15.87,NA,,,,
1923-11-01,22.53,NA,,,,
1923-12-01,24.55,NA,,,,
1924-01-01,27.05,NA,,,,
1924-02-01,20.6,NA,,,,
1924-03-01,18.33,NA,,,,
1924-04-01,17.81,NA,,,,
1924-05-01,13.68,NA,,,,
1924-06-01,16.97,NA,,,,
1924-07-01,24.31,NA,,,,
1924-08-01,22.82,NA,,,,
1924-09-01,18.46,NA,,,,
1924-10-01,17.89,NA,,,,
1924-11-01,41.9,NA,,,,
1924-12-01,43.76,NA,,,,
1925-01-01,41.86,NA,,,,
1925-02-01,33.3,NA,,,,
1925-03-01,39.27,NA,,,,
1925-04-01,25.28,NA,,,,
1925-05-01,36.94,NA,,,,
1925-06-01,31.19,NA,,,,
1925-07-01,33.03,NA,,,,
1925-08-01,33.04,NA,,,,
1925-09-01,37.39,NA,,,,
1925-10-01,79.59,NA,,,,
1925-11-01,49.62,NA,,,,
1925-12-01,43.41,NA,,,,
1926-01-01,39.23,NA,,,,
1926-02-01,35.7,NA,,,,
1926-03-01,52.29,NA,,,,
1926-04-01,30.5,NA,,,,
1926-05-01,23.42,NA,,,,
1926-06-01,39,NA,,,,
1926-07-01,37.05,NA,,,,
1926-08-01,44.81,NA,,,,
1926-09-01,37.39,NA,,,,
1926-10-01,40.09,NA,,,,
1926-11-01,31.3,NA,,,,
1926-12-01,41.77,NA,,,,
1927-01-01,34.58,NA,,,,
1927-02-01,44.52,NA,,,,
1927-03-01,49.64,NA,,,,
1927-04-01,49.84,NA,,,,
1927-05-01,46.69,NA,,,,
1927-06-01,48.8,NA,,,,
1927-07-01,39.02,NA,,,,
1927-08-01,51.05,NA,,,,
1927-09-01,51.72,NA,,,,
1927-10-01,50.64,NA,,,,
1927-11-01,51.7,NA,,,,
1927-12-01,62.63,NA,,,,
1928-01-01,57.58,NA,,,,
1928-02-01,47.04,NA,,,,
1928-03-01,85.98,NA,,,,
1928-04-01,81.5,NA,,,,
1928-05-01,84.75,NA,,,,
1928-06-01,65.24,NA,,,,
1928-07-01,38.8,NA,,,,
1928-08-01,68.77,NA,,,,
1928-09-01,92.2,NA,,,,
1928-10-01,98.9,NA,,,,
1928-11-01,114.9,NA,,,,
1928-12-01,123.18,NA,,,,
1929-01-01,110.8,NA,,,,
1929-02-01,77.97,NA,,,,
1929-03-01,105.63,NA,,,,
1929-04-01,82.59,NA,,,,
1929-05-01,91.31,NA,,,,
1929-06-01,69.55,NA,,,,
1929-07-01,93.38,NA,,,,
1929-08-01,95.7,NA,,,,
1929-09-01,100.06,NA,,,,
1929-10-01,141.67,NA,,,,
1929-11-01,72.46,NA,,,,
1929-12-01,83.67,NA,,,,
1930-01-01,62.31,NA,,,,
1930-02-01,68.72,NA,,,,
1930-03-01,96.56,NA,,,,
1930-04-01,111.04,NA,,,,
1930-05-01,78.04,NA,,,,
1930-06-01,76.59,NA,,,,
1930-07-01,47.75,NA,,,,
1930-08-01,39.87,NA,,,,
1930-09-01,53.55,NA,,,,
1930-10-01,65.5,NA,,,,
1930-11-01,52.15,NA,,,,
1930-12-01,58.76,NA,,,,
1931-01-01,42.5,NA,,,,
1931-02-01,64.18,NA,,,,
1931-03-01,65.66,NA,,,,
1931-04-01,54.35,NA,,,,
1931-05-01,46.66,NA,,,,
1931-06-01,58.64,NA,,,,
1931-07-01,33.55,NA,,,,
1931-08-01,24.83,NA,,,,
1931-09-01,51.04,NA,,,,
1931-10-01,47.92,NA,,,,
1931-11-01,37.36,NA,,,,
1931-12-01,50.11,NA,,,,
1932-01-01,34.36,NA,,,,
1932-02-01,31.72,NA,,,,
1932-03-01,33.03,NA,,,,
1932-04-01,31.47,NA,,,,
1932-05-01,23.14,NA,,,,
1932-06-01,23,NA,,,,
1932-07-01,23.06,NA,,,,
1932-08-01,82.63,NA,,,,
1932-09-01,67.38,NA,,,,
1932-10-01,29.2,NA,,,,
1932-11-01,23.05,NA,,,,
1932-12-01,23.2,NA,,,,
1933-01-01,18.72,NA,,,,
1933-02-01,19.31,NA,,,,
1933-03-01,20.1,NA,,,,
1933-04-01,52.9,NA,,,,
1933-05-01,104.21,NA,,,,
1933-06-01,125.62,NA,,,,
1933-07-01,120.27,NA,,,,
1933-08-01,42.46,NA,,,,
1933-09-01,43.33,NA,,,,
1933-10-01,39.37,NA,,,,
1933-11-01,33.65,NA,,,,
1933-12-01,34.88,NA,,,,
1934-01-01,54.57,NA,,,,
1934-02-01,56.83,NA,,,,
1934-03-01,29.91,NA,,,,
1934-04-01,29.85,NA,,,,
1934-05-01,25.34,NA,,,,
1934-06-01,16.8,NA,,,,
1934-07-01,21.11,NA,,,,
1934-08-01,16.69,NA,,,,
1934-09-01,12.64,NA,,,,
1934-10-01,15.66,NA,,,,
1934-11-01,20.87,NA,,,,
1934-12-01,23.59,NA,,,,
1935-01-01,19.41,NA,,,,
1935-02-01,14.4,NA,,,,
1935-03-01,15.85,NA,,,,
1935-04-01,22.41,NA,,,,
1935-05-01,30.44,NA,,,,
1935-06-01,22.34,NA,,,,
1935-07-01,29.43,NA,,,,
1935-08-01,42.93,NA,,,,
1935-09-01,34.73,NA,,,,
1935-10-01,46.66,NA,,,,
1935-11-01,57.46,NA,,,,
1935-12-01,45.59,NA,,,,
1936-01-01,67.2,NA,,,,
1936-02-01,60.88,NA,,,,
1936-03-01,51.02,NA,,,,
1936-04-01,39.61,NA,,,,
1936-05-01,20.61,NA,,,,
1936-06-01,21.43,NA,,,,
1936-07-01,33.39,NA,,,,
1936-08-01,26.56,NA,,,,
1936-09-01,30.87,NA,,,,
1936-10-01,44,NA,,,,
1936-11-01,50.47,NA,,,,
1936-12-01,48.6,NA,,,,
1937-01-01,58.67,NA,,,,
1937-02-01,47.56,NA,,,,
1937-03-01,50.35,NA,,,,
1937-04-01,34.61,NA,,,,
1937-05-01,18.55,NA,,,,
1937-06-01,16.45,NA,,,,
1937-07-01,20.72,NA,,,,
1937-08-01,17.21,NA,,,,
1937-09-01,33.85,NA,,,,
1937-10-01,51.13,NA,,,,
1937-11-01,29.25,NA,,,,
1937-12-01,28.42,NA,,,,
1938-01-01,24.15,NA,,,,
1938-02-01,14.53,NA,,,,
1938-03-01,23,NA,,,,
1938-04-01,17.12,NA,,,,
1938-05-01,14,NA,,,,
1938-06-01,24.37,NA,,,,
1938-07-01,38.77,NA,,,,
1938-08-01,20.73,NA,,,,
1938-09-01,23.83,NA,,,,
1938-10-01,41.56,NA,,,,
1938-11-01,27.92,NA,,,,
1938-12-01,27.47,NA,,,,
1939-01-01,25.18,NA,,,,
1939-02-01,13.87,NA,,,,
1939-03-01,24.56,NA,,,,
1939-04-01,20.25,NA,,,,
1939-05-01,12.94,NA,,,,
1939-06-01,11.96,NA,,,,
1939-07-01,18.07,NA,,,,
1939-08-01,17.37,NA,,,,
1939-09-01,57.09,NA,,,,
1939-10-01,23.73,NA,,,,
1939-11-01,19.23,NA,,,,
1939-12-01,17.77,NA,,,,
1940-01-01,15.99,NA,,,,
1940-02-01,13.47,NA,,,,
1940-03-01,16.27,NA,,,,
1940-04-01,26.7,NA,,,,
1940-05-01,38.96,NA,,,,
1940-06-01,15.57,NA,,,,
1940-07-01,8.31,NA,,,,
1940-08-01,7.61,NA,,,,
1940-09-01,11.94,NA,,,,
1940-10-01,14.49,NA,,,,
1940-11-01,20.89,NA,,,,
1940-12-01,18.4,NA,,,,
1941-01-01,13.31,NA,,,,
1941-02-01,8.97,NA,,,,
1941-03-01,10.12,NA,,,,
1941-04-01,11.19,NA,,,,
1941-05-01,9.67,NA,,,,
1941-06-01,10.46,NA,,,,
1941-07-01,17.87,NA,,,,
1941-08-01,10.86,NA,,,,
1941-09-01,13.55,NA,,,,
1941-10-01,13.15,NA,,,,
1941-11-01,15.05,NA,,,,
1941-12-01,36.39,NA,,,,
1942-01-01,12.99,NA,,,,
1942-02-01,7.93,NA,,,,
1942-03-01,8.59,NA,,,,
1942-04-01,7.59,NA,,,,
1942-05-01,7.23,NA,,,,
1942-06-01,7.47,NA,,,,
1942-07-01,8.37,NA,,,,
1942-08-01,7.39,NA,,,,
1942-09-01,9.45,NA,,,,
1942-10-01,15.93,NA,,,,
1942-11-01,13.44,NA,,,,
1942-12-01,19.31,NA,,,,
1943-01-01,18.03,NA,,,,
1943-02-01,24.43,NA,,,,
1943-03-01,37,NA,,,,
1943-04-01,33.55,NA,,,,
1943-05-01,35.05,NA,,,,
1943-06-01,23.42,NA,,,,
1943-07-01,26.32,NA,,,,
1943-08-01,14.25,NA,,,,
1943-09-01,14.69,NA,,,,
1943-10-01,13.92,NA,,,,
1943-11-01,18.25,NA,,,,
1943-12-01,19.53,NA,,,,
1944-01-01,17.81,NA,,,,
1944-02-01,17.1,NA,,,,
1944-03-01,27.64,NA,,,,
1944-04-01,13.85,NA,,,,
1944-05-01,17.23,NA,,,,
1944-06-01,37.71,NA,,,,
1944-07-01,28.22,NA,,,,
1944-08-01,20.75,NA,,,,
1944-09-01,16.24,NA,,,,
1944-10-01,17.53,NA,,,,
1944-11-01,18.02,NA,,,,
1944-12-01,31.26,NA,,,,
1945-01-01,39,NA,,,,
1945-02-01,32.61,NA,,,,
1945-03-01,27.49,NA,,,,
1945-04-01,28.27,NA,,,,
1945-05-01,32.02,NA,,,,
1945-06-01,41.31,NA,,,,
1945-07-01,19.98,NA,,,,
1945-08-01,43.43,NA,,,,
1945-09-01,25.13,NA,,,,
1945-10-01,35.48,NA,,,,
1945-11-01,40.41,NA,,,,
1945-12-01,34.15,NA,,,,
1946-01-01,51.51,NA,,,,
1946-02-01,34.09,NA,,,,
1946-03-01,25.66,NA,,,,
1946-04-01,31.43,NA,,,,
1946-05-01,30.41,NA,,,,
1946-06-01,21.72,NA,,,,
1946-07-01,20.6,NA,,,,
1946-08-01,20.81,NA,,,,
1946-09-01,43.45,NA,,,,
1946-10-01,30.38,NA,,,,
1946-11-01,23.82,NA,,,,
1946-12-01,39.34,NA,,,,
1947-01-01,23.56,NA,,,,
1947-02-01,23.76,NA,,,,
1947-03-01,19.34,NA,,,,
1947-04-01,20.62,NA,,,,
1947-05-01,20.62,NA,,,,
1947-06-01,17.48,NA,,,,
1947-07-01,25.47,NA,,,,
1947-08-01,14.15,NA,,,,
1947-09-01,16.02,NA,,,,
1947-10-01,27.78,NA,,,,
1947-11-01,17.22,NA,,,,
1947-12-01,27.61,NA,,,,
1948-01-01,20.22,NA,,,,
1948-02-01,16.8,NA,,,,
1948-03-01,22.99,NA,,,,
1948-04-01,34.61,NA,,,,
1948-05-01,42.77,NA,,,,
1948-06-01,30.92,NA,,,,
1948-07-01,24.59,NA,,,,
1948-08-01,15.04,NA,,,,
1948-09-01,17.56,NA,,,,
1948-10-01,20.43,NA,,,,
1948-11-01,28.32,NA,,,,
1948-12-01,27.96,NA,,,,
1949-01-01,18.83,NA,,,,
1949-02-01,17.18,NA,,,,
1949-03-01,21.14,NA,,,,
1949-04-01,19,NA,,,,
1949-05-01,18.18,NA,,,,
1949-06-01,17.77,NA,,,,
1949-07-01,18.75,NA,,,,
1949-08-01,21.79,NA,,,,
1949-09-01,23.84,NA,,,,
1949-10-01,28.89,NA,,,,
1949-11-01,27.24,NA,,,,
1949-12-01,39.29,NA,,,,
1950-01-01,42.58,NA,,,,
1950-02-01,33.41,NA,,,,
1950-03-01,40.41,NA,,,,
1950-04-01,48.24,NA,,,,
1950-05-01,41.6,NA,,,,
1950-06-01,45.65,NA,,,,
1950-07-01,43.85,NA,,,,
1950-08-01,38.47,NA,,,,
1950-09-01,38.59,NA,,,,
1950-10-01,48.39,NA,,,,
1950-11-01,43.09,NA,,,,
1950-12-01,59.82,NA,,,,
1951-01-01,70.18,NA,,,,
1951-02-01,41.23,NA,,,,
1951-03-01,35.63,NA,,,,
1951-04-01,34.29,NA,,,,
1951-05-01,38.46,NA,,,,
1951-06-01,27.4,NA,,,,
1951-07-01,27.99,NA,,,,
1951-08-01,33.64,NA,,,,
1951-09-01,36.39,NA,,,,
1951-10-01,42.53,NA,,,,
1951-11-01,25.68,NA,,,,
1951-12-01,30.08,NA,,,,
1952-01-01,37.14,NA,,,,
1952-02-01,27.2,NA,,,,
1952-03-01,29.51,NA,,,,
1952-04-01,28.96,NA,,,,
1952-05-01,23.66,NA,,,,
1952-06-01,25.52,NA,,,,
1952-07-01,24.12,NA,,,,
1952-08-01,20.9,NA,,,,
1952-09-01,24.14,NA,,,,
1952-10-01,25.98,NA,,,,
1952-11-01,30.24,NA,,,,
1952-12-01,40.52,NA,,,,
1953-01-01,34.09,NA,,,,
1953-02-01,30.21,NA,,,,
1953-03-01,42.47,NA,,,,
1953-04-01,34.37,NA,,,,
1953-05-01,25.77,NA,,,,
1953-06-01,26.08,NA,,,,
1953-07-01,22.23,NA,,,,
1953-08-01,23.89,NA,,,,
1953-09-01,27.17,NA,,,,
1953-10-01,25.73,NA,,,,
1953-11-01,26.68,NA,,,,
1953-12-01,36.16,NA,,,,
1954-01-01,33.37,13712,,,,
1954-02-01,33.29,14055,,,,
1954-03-01,44.13,14020,,,,
1954-04-01,43.87,13991,,,,
1954-05-01,41.91,13957,,,,
1954-06-01,42.22,14272,,,,
1954-07-01,51.85,13991,,,,
1954-08-01,56.93,13996,,,,
1954-09-01,41.23,14073,,,,
1954-10-01,44.18,14081,,,,
1954-11-01,63.93,14406,,,,
1954-12-01,76.46,14671,,,,
1955-01-01,74.65,14765,,,,
1955-02-01,60.72,14896,,,,
1955-03-01,66.87,15005,,,,
1955-04-01,53.79,15255,,,,
1955-05-01,45.43,15260,,,,
1955-06-01,58.15,15126,,,,
1955-07-01,48.51,15404,,,,
1955-08-01,41.81,15418,,,,
1955-09-01,60.1,15677,,,,
1955-10-01,41.18,15715,,,,
1955-11-01,46.38,15652,,,,
1955-12-01,50.99,15531,,,,
1956-01-01,47.2,15495,,,,
1956-02-01,46.4,15370,,,,
1956-03-01,60.36,15663,,,,
1956-04-01,54.11,15516,,,,
1956-05-01,53.23,15771,,,,
1956-06-01,37.2,15797,,,,
1956-07-01,45.71,15744,,,,
1956-08-01,44.52,15826,,,,
1956-09-01,37.23,15906,,,,
1956-10-01,40.34,15933,,,,
1956-11-01,43.55,16106,,,,
1956-12-01,46.41,16193,,,,
1957-01-01,48.16,16329,,,,
1957-02-01,37.58,16635,,,,
1957-03-01,35.65,16453,,,,
1957-04-01,48.31,16493,,,,
1957-05-01,52.56,16534,,,,
1957-06-01,44.48,16820,,,,
1957-07-01,48.26,16799,,,,
1957-08-01,41.41,16967,,,,
1957-09-01,36.87,16841,,,,
1957-10-01,64.29,16782,,,,
1957-11-01,48.22,16699,,,,
1957-12-01,54.47,16647,,,,
1958-01-01,49.87,16659,,,,
1958-02-01,40.2,16374,,,,
1958-03-01,46.68,16319,,,,
1958-04-01,50.31,16535,,,,
1958-05-01,54.18,16517,,,,
1958-06-01,56.62,16476,,,,
1958-07-01,69.5,16746,,,,
1958-08-01,62.37,16853,,,,
1958-09-01,71.97,16745,,,,
1958-10-01,95.09,16662,,,,
1958-11-01,74.37,17048,,,,
1958-12-01,75.92,17605,,,,
1959-01-01,120.54,17583,,,,
1959-02-01,65.79,17712,,,,
1959-03-01,82.45,17860,,,,
1959-04-01,75.89,17871,,,,
1959-05-01,70.97,18011,,,,
1959-06-01,64.35,18175,,,,
1959-07-01,70.89,18169,,,,
1959-08-01,51.05,18285,,,,
1959-09-01,57.52,18046,,,,
1959-10-01,61.33,18178,,,,
1959-11-01,64.56,17699,,,,
1959-12-01,73.24,17617,,,,
1960-01-01,63.93,18092,,,,
1960-02-01,60.53,18159,,,,
1960-03-01,65.72,18139,,,,
1960-04-01,57.29,18615,,,,
1960-05-01,68.83,18337,,,,
1960-06-01,75.53,18312,,,,
1960-07-01,53.87,18128,,,,
1960-08-01,65.35,18190,,,,
1960-09-01,60.85,18173,,,,
1960-10-01,54.43,18333,,,,
1960-11-01,62,18071,,,,
1960-12-01,77.35,17939,,,,
1961-01-01,89.11,17953,,,,
1961-02-01,92.8,17889,,,,
1961-03-01,118.03,18078,,,,
1961-04-01,101.78,17758,,,,
1961-05-01,96.95,18025,,,,
1961-06-01,73.12,18159,,,,
1961-07-01,60.9,18145,,,,
1961-08-01,81.53,18345,,,,
1961-09-01,63.86,18377,,,,
1961-10-01,72.99,18708,,,,
1961-11-01,87.79,18840,,,,
1961-12-01,82.4,18847,,,,
1962-01-01,80.88,19009,,,,
1962-02-01,66.13,19011,,,,
1962-03-01,68.48,19331,,,,
1962-04-01,65.26,19436,,,,
1962-05-01,243.7,19568,,,,
1962-06-01,96.27,19317,,,,
1962-07-01,74.16,19623,,,,
1962-08-01,77.46,19745,,,,
1962-09-01,62.89,19804,,,,
1962-10-01,78.72,20115,,,,
1962-11-01,96.06,20220,,,,
1962-12-01,80.96,20216,,,,
1963-01-01,100.61,20301,,,,
1963-02-01,79.19,20148,,,,
1963-03-01,71.37,20309,,,,
1963-04-01,109.93,20397,,,,
1963-05-01,105.19,20268,,,,
1963-06-01,90.56,20419,,,,
1963-07-01,76.28,20656,,,,
1963-08-01,87.03,20630,,,,
1963-09-01,111.19,20579,,,,
1963-10-01,122.26,20937,,,,
1963-11-01,93.97,20701,,,,
1963-12-01,98.73,21156,,,,
1964-01-01,116.63,21046,,,,
1964-02-01,88.14,21143,,,,
1964-03-01,113.99,21296,,,,
1964-04-01,123.54,21472,,,,
1964-05-01,99.16,21762,,,,
1964-06-01,96.18,21779,,,,
1964-07-01,102.59,21887,,,,
1964-08-01,82.31,22195,,,,
1964-09-01,109.79,22404,,,,
1964-10-01,106.58,21538,,,,
1964-11-01,93.64,21740,,,,
1964-12-01,104.04,22751,,,,
1965-01-01,109.13,22918,,,,
1965-02-01,112.29,23063,,,,
1965-03-01,124.83,22834,,,,
1965-04-01,119.14,23026,,,,
1965-05-01,110.21,23383,,,,
1965-06-01,125.27,23243,,,,
1965-07-01,85.18,23622,,,,
1965-08-01,109.17,23697,,,,
1965-09-01,155.46,23760,,,,
1965-10-01,164.2,24373,,,,
1965-11-01,147.19,24667,,,,
1965-12-01,191.18,24755,,,,
1966-01-01,182.9,24919,,,,
1966-02-01,166.32,24993,,,,
1966-03-01,191.52,25430,,,,
1966-04-01,186.2,25084,,,,
1966-05-01,171.46,24653,,,,
1966-06-01,140.65,25222,,,,
1966-07-01,119.94,25328,,,,
1966-08-01,162.47,25615,,,,
1966-09-01,120.16,25667,,,,
1966-10-01,146.38,25557,,,,
1966-11-01,145.94,25566,,,,
1966-12-01,165.55,25384,,,,
1967-01-01,207.58,24156,,,,
1967-02-01,183.08,23912,,,,
1967-03-01,224.78,24153,,,,
1967-04-01,187.79,24214,,,,
1967-05-01,218.52,24104,,,,
1967-06-01,212.65,24826,,,,
1967-07-01,216.69,24654,,,,
1967-08-01,207.86,24660,,,,
1967-09-01,205.03,25360,,,,
1967-10-01,224.9,24974,,,,
1967-11-01,211.56,25561,,,,
1967-12-01,229.53,26295,,,,
1968-01-01,262.84,25821,,,,
1968-02-01,174.45,26126,,,,
1968-03-01,192.73,26756,,,,
1968-04-01,295.57,26695,,,,
1968-05-01,292.07,26866,,,,
1968-06-01,257.37,27306,,,,
1968-07-01,242.53,27649,,,,
1968-08-01,194.06,28012,,,,
1968-09-01,228.39,27416,,,,
1968-10-01,272.02,28185,,,,
1968-11-01,251.95,28882,,,,
1968-12-01,267.57,28467,,,,
1969-01-01,266.69,28774,,,,
1969-02-01,210.33,28983,,,,
1969-03-01,199.2,28750,,,,
1969-04-01,237.02,28915,,,,
1969-05-01,256.66,29192,,,,
1969-06-01,235.26,29008,,,,
1969-07-01,228.31,29025,,,,
1969-08-01,201.77,29365,,,,
1969-09-01,219.22,29769,,,,
1969-10-01,310.18,30095,,,,
1969-11-01,213.7,30070,,,,
1969-12-01,272.45,30346,,,,
1970-01-01,221.16,30439,,,,
1970-02-01,218.49,30581,,,,
1970-03-01,212.97,30295,,,,
1970-04-01,223.21,30654,,,,
1970-05-01,258.29,31092,,,,
1970-06-01,226.46,31290,,,,
1970-07-01,227.87,31552,,,,
1970-08-01,218.81,31542,,,,
1970-09-01,302.89,31640,,,,
1970-10-01,261.5,31901,,,,
1970-11-01,230.38,31195,,,,
1970-12-01,335.31,32109,,,,
1971-01-01,348.57,32878,,,,
1971-02-01,371.26,33214,,,,
1971-03-01,389.98,33260,,,,
1971-04-01,401.65,33878,,,,
1971-05-01,303.15,33679,,,,
1971-06-01,303.65,34311,,,,
1971-07-01,265.31,34416,,,,
1971-08-01,320.62,34608,,,,
1971-09-01,252.8,35205,,,,
1971-10-01,280.15,35630,,,,
1971-11-01,276.42,36043,,,,
1971-12-01,377.76,36020,,,,
1972-01-01,379.52,35746,,,,
1972-02-01,376.34,36044,,,,
1972-03-01,403.73,36975,,,,
1972-04-01,368.03,37066,,,,
1972-05-01,316.35,37555,,,,
1972-06-01,314.56,37800,,,,
1972-07-01,288.99,38002,,,,
1972-08-01,357,38364,,,,
1972-09-01,246.28,39088,,,,
1972-10-01,317.4,39639,,,,
1972-11-01,405.65,39906,,,,
1972-12-01,344.77,40808,,,,
1973-01-01,393.8,41508,,,,
1973-02-01,318.3,42112,,,,
1973-03-01,342.41,42432,,,,
1973-04-01,278,42121,,,,
1973-05-01,337.24,42121,,,,
1973-06-01,268.72,42508,,,,
1973-07-01,307.76,42521,,,,
1973-08-01,270.51,42648,,,,
1973-09-01,329.08,43221,,,,
1973-10-01,422.9,43461,,,,
1973-11-01,399.93,43807,,,,
1973-12-01,384.54,42669,,,,
1974-01-01,363.14,43204,,,,
1974-02-01,256.83,43461,,,,
1974-03-01,309.01,44087,,,,
1974-04-01,254.28,44676,,,,
1974-05-01,275.26,45187,,,,
1974-06-01,245.36,45297,,,,
1974-07-01,274.09,46026,,,,
1974-08-01,280.11,47335,,,,
1974-09-01,279.96,46203,,,,
1974-10-01,377.11,45770,,,,
1974-11-01,286.82,45531,,,,
1974-12-01,315.14,44836,,,,
1975-01-01,432.53,46482,,,,
1975-02-01,423.74,47158,,,,
1975-03-01,453.6,46091,,,,
1975-04-01,447.32,46729,,,,
1975-05-01,457.52,48890,,,,
1975-06-01,446.97,48836,,,,
1975-07-01,441.67,49599,,,,
1975-08-01,281.43,50134,,,,
1975-09-01,275.11,50232,,,,
1975-10-01,365.54,50565,,,,
1975-11-01,318.86,50775,,,,
1975-12-01,348.95,51568,,,,
1976-01-01,635.85,52854,,,,
1976-02-01,596.14,52482,,,,
1976-03-01,530.58,52830,,,,
1976-04-01,392.24,53868,,,,
1976-05-01,355.88,53433,,,,
1976-06-01,417.21,54540,,,,
1976-07-01,393.78,54946,,,,
1976-08-01,346.66,54650,,,,
1976-09-01,414.8,54655,,,,
1976-10-01,361.36,55476,,,,
1976-11-01,381.04,55707,,,,
1976-12-01,534.58,57294,,,,
1977-01-01,501.62,56888,,,,
1977-02-01,398.48,58198,,,,
1977-03-01,434.77,58679,,,,
1977-04-01,403.02,59589,,,,
1977-05-01,425.86,59328,,,,
1977-06-01,484.17,59643,,,,
1977-07-01,449.52,60327,,,,
1977-08-01,433.05,60275,,,,
1977-09-01,383.7,60539,,,,
1977-10-01,413.52,61743,,,,
1977-11-01,494.71,62232,,,,
1977-12-01,451.35,62517,,,,
1978-01-01,428.15,61283,,,,
1978-02-01,368.6,62730,,,,
1978-03-01,497.63,64277,,,,
1978-04-01,695.67,65882,,,,
1978-05-01,775.85,66305,,,,
1978-06-01,671.26,67452,,,,
1978-07-01,541.41,67017,,,,
1978-08-01,865.01,67902,,,,
1978-09-01,672.12,68218,,,,
1978-10-01,682.21,69432,,,,
1978-11-01,514.64,70495,,,,
1978-12-01,492.51,71429,,,,
1979-01-01,615.62,70989,,,,
1979-02-01,475.73,71588,,,,
1979-03-01,650.12,73031,,,,
1979-04-01,620.73,72863,,,,
1979-05-01,623.65,73617,,,,
1979-06-01,728.47,73932,,,,
1979-07-01,680.78,73614,,,,
1979-08-01,825.08,76338,,,,
1979-09-01,714.05,77092,,,,
1979-10-01,858,76539,,,,
1979-11-01,653.67,77560,,,,
1979-12-01,710.29,77782,,,,
1980-01-01,1158.48,79430,,,,
1980-02-01,956.65,78770,,,,
1980-03-01,876.41,77585,,,,
1980-04-01,674,76556,,,,
1980-05-01,764.86,76602,,,,
1980-06-01,829.69,77656,,,,
1980-07-01,1021.71,79279,,,,
1980-08-01,966.21,80067,,,,
1980-09-01,1057.73,80325,,,,
1980-10-01,1031.99,82197,,,,
1980-11-01,989.25,82870,,,,
1980-12-01,1025.32,82971,,,,
1981-01-01,955.71,84926,,,,
1981-02-01,816.44,86031,,,,
1981-03-01,1174.55,86554,,,,
1981-04-01,1123.45,85996,,,,
1981-05-01,905.57,85364,,,,
1981-06-01,1101.04,86146,,,,
1981-07-01,954.06,86817,,,,
1981-08-01,920.59,88194,,,,
1981-09-01,959.05,87829,,,,
1981-10-01,996.32,86642,,,,
1981-11-01,988.07,86504,,,,
1981-12-01,959.15,86874,,,,
1982-01-01,968.39,85933,,,,
1982-02-01,972.22,88204,,,,
1982-03-01,1270.23,87401,,,,
1982-04-01,1136.44,87805,,,,
1982-05-01,1026.56,88770,,,,
1982-06-01,1110.59,87351,,,,
1982-07-01,1145.12,88899,,,,
1982-08-01,1672.67,88464,,,,
1982-09-01,1547.91,89670,,,,
1982-10-01,2068.66,90712,,,,
1982-11-01,1857.05,92119,,,,
1982-12-01,1682.2,92135,,,,
1983-01-01,1857.73,91521,,,,
1983-02-01,1615.5,91774,,,,
1983-03-01,1902.04,94219,,,,
1983-04-01,1792.53,94479,,,,
1983-05-01,1953.34,96062,,,,
1983-06-01,1974.03,98278,,,,
1983-07-01,1590.23,98854,,,,
1983-08-01,1706.39,97382,,,,
1983-09-01,1740.18,99241,,,,
1983-10-01,1794.34,100780,,,,
1983-11-01,1814.51,102092,,,,
1983-12-01,1848.85,102734,,,,
1984-01-01,2215.87,105065,,,,
1984-02-01,1932.82,104941,,,,
1984-03-01,1855.22,104203,,,,
1984-04-01,1717.48,106137,,,,
1984-05-01,1939.74,106830,,,,
1984-06-01,1804.32,108358,,,,
1984-07-01,1603.28,106655,,,,
1984-08-01,2527.52,106064,,,,
1984-09-01,1769.05,107569,,,,
1984-10-01,2108.54,108090,,,,
1984-11-01,1757.53,110153,,,,
1984-12-01,1780.64,109688,,,,
1985-01-01,2673.98,110516,,,,
1985-02-01,2194.28,111701,,,,
1985-03-01,2154.4,112269,,,,
1985-04-01,1982.12,113720,,,,
1985-05-01,2350.18,114433,,,,
1985-06-01,2117.47,113795,,,,
1985-07-01,2462.95,113994,,,,
1985-08-01,1924.3,115629,,,,
1985-09-01,1860.29,118888,,,,
1985-10-01,2543.09,115440,,,,
1985-11-01,2445.27,115997,,,,
1985-12-01,2802.36,117447,,,,
1986-01-01,2879.18,118585,,,,
1986-02-01,2899.22,117480,,,,
1986-03-01,3215.1,116665,,,,
1986-04-01,3239.87,117409,,,,
1986-05-01,2680.11,119114,,,,
1986-06-01,2649.17,119240,,,,
1986-07-01,3029.59,119647,,,,
1986-08-01,2701.99,120871,,,,
1986-09-01,3167.45,127973,,,,
1986-10-01,3016.57,122617,,,,
1986-11-01,2940.75,122048,,,,
1986-12-01,3261.01,127561,,,,
1987-01-01,4040.8,119274,,,,
1987-02-01,3386.08,125245,,,,
1987-03-01,3965.51,126055,,,,
1987-04-01,3929.82,127244,,,,
1987-05-01,3417.97,127155,,,,
1987-06-01,3594.36,128646,,,,
1987-07-01,3967.83,129596,,,,
1987-08-01,4063.02,132366,,,,
1987-09-01,3723.69,130489,,,,
1987-10-01,6094.58,129879,,,,
1987-11-01,3590.25,130305,,,,
1987-12-01,3927.34,132463,,,,
1988-01-01,3495.1,132604,,,,
1988-02-01,3693.76,133262,,,,
1988-03-01,4052.35,135997,,,,
1988-04-01,3260.74,135080,,,,
1988-05-01,3232.03,136369,,,,
1988-06-01,4306.99,137281,,,,
1988-07-01,3338.32,137452,,,,
1988-08-01,3327.36,138199,,,,
1988-09-01,3059.74,137385,,,,
1988-10-01,3415.24,140871,,,,
1988-11-01,2822.96,142047,,,,
1988-12-01,2844.93,142990,,,,
1989-01-01,3532.06,143931,,,,
1989-02-01,3217.11,142132,,,,
1989-03-01,3503.38,142698,,,,
1989-04-01,3238.03,146155,,,,
1989-05-01,3748.84,146425,,,,
1989-06-01,3967.44,146228,,,,
1989-07-01,3250.03,147384,,,,
1989-08-01,3948.07,149862,,,,
1989-09-01,3035.33,149208,,,,
1989-10-01,4012.62,147874,,,,
1989-11-01,3031.96,149422,,,,
1989-12-01,3213.67,149796,,,,
1990-01-01,3794.08,153685,,,,
1990-02-01,2962.35,152957,,,,
1990-03-01,3284.66,153309,,,,
1990-04-01,2801.34,152706,,,,
1990-05-01,3597.05,152198,,,,
1990-06-01,3226.02,153539,,,,
1990-07-01,3370.53,154119,,,,
1990-08-01,4014.51,154830,,,,
1990-09-01,2685.62,155980,,,,
1990-10-01,3670.9,155623,,,,
1990-11-01,3148.12,155930,,,,
1990-12-01,3109.34,153775,,,,
1991-01-01,3636.39,151188,,,,
1991-02-01,4272.92,153632,,,,
1991-03-01,3900.13,155289,,,,
1991-04-01,4011.43,154907,,,,
1991-05-01,3741.96,155915,,,,
1991-06-01,3259.25,156468,,,,
1991-07-01,3457.64,156522,,,,
1991-08-01,3772.75,155760,,,,
1991-09-01,3246.51,156387,,,,
1991-10-01,4084.67,155437,,,,
1991-11-01,3726.82,155675,,,,
1991-12-01,4155.56,156103,,,,
1992-01-01,5267.77,158997,,,,
1992-02-01,4292.32,160455,,,,
1992-03-01,4081.55,160000,,,,
1992-04-01,4319.54,159843,,,,
1992-05-01,3666.39,160635,,,,
1992-06-01,4296.02,160914,,,,
1992-07-01,4273.83,161666,,,,
1992-08-01,3647.05,162931,,,,
1992-09-01,4019.43,164102,,,,
1992-10-01,4468.62,166885,,,,
1992-11-01,4154.41,167133,,,,
1992-12-01,4888.74,168991,,,,
1993-01-01,5311.48,169529,,,,
1993-02-01,5465.89,168830,,,,
1993-03-01,6131.27,167294,,,,
1993-04-01,6204.69,170530,,,,
1993-05-01,5101.97,172024,,,,
1993-06-01,5531.01,172299,,,,
1993-07-01,5303.16,173382,,,,
1993-08-01,5495.72,174365,,,,
1993-09-01,5522.09,174474,,,,
1993-10-01,5936.42,177708,,,,
1993-11-01,5866.57,178762,,,,
1993-12-01,5778.41,180516,,,,
1994-01-01,6629.39,178828,,,,
1994-02-01,5831.56,181958,,,,
1994-03-01,6862.95,185303,,,,
1994-04-01,5365.77,183429,,,,
1994-05-01,5666.55,183395,,,,
1994-06-01,5836.94,185089,,,,
1994-07-01,4977.13,185287,,,,
1994-08-01,6398.86,187973,,,,
1994-09-01,6157.46,189465,,,,
1994-10-01,6369.27,191789,,,,
1994-11-01,6253.03,192611,,,,
1994-12-01,6346.09,192913,,,,
1995-01-01,6835.48,193218,,,,
1995-02-01,6334.38,NA,,,,
1995-03-01,7829.06,NA,,,,
1995-04-01,6306.65,NA,,,,
1995-05-01,7558.96,NA,,,,
1995-06-01,7535.43,NA,,,,
1995-07-01,7302.15,NA,,,,
1995-08-01,7128.57,NA,,,,
1995-09-01,7055.69,NA,,,,
1995-10-01,8033.8,NA,,,,
1995-11-01,7575.68,NA,,,,
1995-12-01,7721.61,NA,,,,
1996-01-01,9190.24,NA,,,,
1996-02-01,8754.06,NA,,,,
1996-03-01,8985.55,NA,,,,
1996-04-01,8861.8,NA,,,,
1996-05-01,8910.93,NA,,,,
1996-06-01,7926.92,NA,,,,
1996-07-01,8812.88,NA,,,,
1996-08-01,7377.86,NA,,,,
1996-09-01,8077.53,NA,,,,
1996-10-01,9703.96,NA,,,,
1996-11-01,8939.61,NA,,,,
1996-12-01,9094.83,NA,,,,
1997-01-01,11622.48,NA,,,,
1997-02-01,9738.94,NA,,,,
1997-03-01,10031.76,NA,,,,
1997-04-01,10486.44,NA,,,,
1997-05-01,10131.85,NA,,,,
1997-06-01,10925.42,NA,,,,
1997-07-01,11996.71,NA,,,,
1997-08-01,10634.11,NA,,,,
1997-09-01,11428.1,NA,,,,
1997-10-01,14031.74,NA,,,,
1997-11-01,10252.44,NA,,,,
1997-12-01,12032.12,NA,,,,
1998-01-01,12189.57,NA,,,,
1998-02-01,11726.32,NA,,,,
1998-03-01,13722.69,NA,,,,
1998-04-01,13688.52,NA,,,,
1998-05-01,11524.53,NA,,,,
1998-06-01,13585.96,NA,,,,
1998-07-01,14188.26,NA,,,,
1998-08-01,15099.45,NA,,,,
1998-09-01,16727,NA,,,,
1998-10-01,18549.41,NA,,,,
1998-11-01,13501.5,NA,,,,
1998-12-01,15241.35,NA,,,,
1999-01-01,16234.05,NA,,,,
1999-02-01,14549.52,NA,,,,
1999-03-01,18002.47,NA,,,,
1999-04-01,18518.99,NA,,,,
1999-05-01,15949.53,NA,,,,
1999-06-01,16126.42,NA,,,,
1999-07-01,15359.96,NA,,,,
1999-08-01,15818.49,NA,,,,
1999-09-01,16447.46,NA,,,,
1999-10-01,18831.44,NA,,,,
1999-11-01,18343.15,NA,,,,
1999-12-01,19669.7,NA,,,,
2000-01-01,21484.25,NA,,,,
2000-02-01,20917.63,NA,,,,
2000-03-01,26182.77,NA,,,,
2000-04-01,20140.41,NA,,,,
2000-05-01,19919.34,NA,,,,
2000-06-01,21703.32,NA,,,,
2000-07-01,19076.89,NA,,,,
2000-08-01,20379.2,NA,,,,
2000-09-01,20825.86,NA,,,,
2000-10-01,25972.21,NA,,,,
2000-11-01,21700.52,NA,,,,
2000-12-01,24175.31,NA,,,,
2001-01-01,27844.01,NA,,,,
2001-02-01,21631.06,NA,,,,
2001-03-01,27970.18,NA,,,,
2001-04-01,25529.16,NA,,,,
2001-05-01,24568.46,NA,,,,
2001-06-01,24674.21,NA,,,,
2001-07-01,23878.29,NA,,,,
2001-08-01,23590.73,NA,,,,
2001-09-01,25416.71,NA,,,,
2001-10-01,30228.52,NA,,,,
2001-11-01,26671.82,NA,,,,
2001-12-01,25506.1,NA,,,,
2002-01-01,29943.23,NA,,,,
2002-02-01,26254.8,NA,,,,
2002-03-01,26742.87,NA,,,,
2002-04-01,28760.82,NA,,,,
2002-05-01,27152.06,NA,,,,
2002-06-01,31739.6,NA,,,,
2002-07-01,41498.59,NA,,,,
2002-08-01,29510.54,NA,,,,
2002-09-01,28180.28,NA,,,,
2002-10-01,38060.91,NA,,,,
2002-11-01,29087.29,NA,,,,
2002-12-01,26204.95,NA,,,,
2003-01-01,30969.34,NA,,,,
2003-02-01,25391.56,NA,,,,
2003-03-01,30224.56,NA,,,,
2003-04-01,29876.91,NA,,,,
2003-05-01,31261.54,NA,,,,
2003-06-01,31842.43,NA,,,,
2003-07-01,31924.52,NA,,,,
2003-08-01,25207.01,NA,,,,
2003-09-01,30171.34,NA,,,,
2003-10-01,32891.1,NA,,,,
2003-11-01,24572.37,NA,,,,
2003-12-01,28065.2,NA,,,,
2004-01-01,33261.2,NA,,,,
2004-02-01,28142.48,NA,,,,
2004-03-01,33982.41,NA,,,,
2004-04-01,32018.15,NA,,,,
2004-05-01,30000.65,NA,,,,
2004-06-01,28799.13,NA,,,,
2004-07-01,29780.65,NA,,,,
2004-08-01,27357.48,NA,,,,
2004-09-01,27766.61,NA,,,,
2004-10-01,32413.46,NA,,,,
2004-11-01,31383.37,NA,,,,
2004-12-01,32192.9,NA,,,,
2005-01-01,32367.8,NA,,,,
2005-02-01,29986.64,NA,,,,
2005-03-01,37017.11,NA,,,,
2005-04-01,35548.93,NA,,,,